,empty,ocupied,doctor,nurse,patient,resting,idle_nurse,idle_doctor,walking,in-admission,in-evaluation,in-medication,in-meeting,taking-inventory,documenting,admitting,evaluating,medicating,waiting-admission,waiting-evaluation,waiting-medication
0,52,0,2,2,0,0,0,0,0,0,0,0,4,0,0,0,0,0,0,0,0
1,52,0,2,2,0,0,0,0,0,0,0,0,4,0,0,0,0,0,0,0,0
2,52,0,2,2,0,0,0,0,0,0,0,0,4,0,0,0,0,0,0,0,0
3,52,0,2,2,0,0,0,0,0,0,0,0,4,0,0,0,0,0,0,0,0
4,52,0,2,2,0,0,0,0,0,0,0,0,4,0,0,0,0,0,0,0,0
5,52,0,2,2,0,0,0,0,0,0,0,0,4,0,0,0,0,0,0,0,0
6,52,0,2,2,0,0,0,0,0,0,0,0,4,0,0,0,0,0,0,0,0
7,52,0,2,2,0,0,0,0,0,0,0,0,4,0,0,0,0,0,0,0,0
8,52,0,2,2,0,0,0,0,0,0,0,0,4,0,0,0,0,0,0,0,0
9,52,0,2,2,0,0,0,0,0,0,0,0,4,0,0,0,0,0,0,0,0
10,52,0,2,2,0,0,0,0,0,0,0,0,4,0,0,0,0,0,0,0,0
11,52,0,2,2,1,1,0,0,0,0,0,0,4,0,0,0,0,0,0,0,0
12,49,3,2,2,1,0,0,0,0,0,0,0,4,0,0,0,0,0,1,0,0
13,49,3,2,2,1,0,0,0,0,0,0,0,4,0,0,0,0,0,1,0,0
14,49,3,2,2,1,0,0,0,0,0,0,0,4,0,0,0,0,0,1,0,0
15,49,3,2,2,1,0,0,0,0,0,0,0,4,0,0,0,0,0,1,0,0
16,49,3,2,2,1,0,0,0,0,0,0,0,4,0,0,0,0,0,1,0,0
17,49,3,2,2,1,0,0,0,0,0,0,0,4,0,0,0,0,0,1,0,0
18,49,3,2,2,1,0,0,0,0,0,0,0,4,0,0,0,0,0,1,0,0
19,49,3,2,2,1,0,0,0,0,0,0,0,4,0,0,0,0,0,1,0,0
20,49,3,2,2,1,0,0,0,0,0,0,0,4,0,0,0,0,0,1,0,0
21,49,3,2,2,1,0,0,0,0,0,0,0,4,0,0,0,0,0,1,0,0
22,49,3,2,2,1,0,0,0,0,0,0,0,4,0,0,0,0,0,1,0,0
23,49,3,2,2,1,0,0,0,0,0,0,0,4,0,0,0,0,0,1,0,0
24,49,3,2,2,1,0,0,0,0,0,0,0,4,0,0,0,0,0,1,0,0
25,49,3,2,2,1,0,0,0,0,0,0,0,4,0,0,0,0,0,1,0,0
26,49,3,2,2,1,0,0,0,0,0,0,0,4,0,0,0,0,0,1,0,0
27,49,3,2,2,1,0,0,0,0,0,0,0,4,0,0,0,0,0,1,0,0
28,49,3,2,2,1,0,0,0,0,0,0,0,4,0,0,0,0,0,1,0,0
29,49,3,2,2,1,0,0,0,0,0,0,0,4,0,0,0,0,0,1,0,0
30,49,3,2,2,1,0,0,0,0,0,0,0,4,0,0,0,0,0,1,0,0
31,49,3,2,2,1,0,0,0,0,0,0,0,4,0,0,0,0,0,1,0,0
32,49,3,2,2,1,0,0,0,0,0,0,0,4,0,0,0,0,0,1,0,0
33,49,3,2,2,1,0,0,0,0,0,0,0,4,0,0,0,0,0,1,0,0
34,49,3,2,2,1,0,0,0,0,0,0,0,4,0,0,0,0,0,1,0,0
35,49,3,2,2,1,0,0,2,2,0,0,0,0,0,0,0,0,0,1,0,0
36,49,3,2,2,1,0,0,2,2,0,0,0,0,0,0,0,0,0,1,0,0
37,49,3,2,2,1,0,0,2,0,0,0,0,0,2,0,0,0,0,1,0,0
38,49,3,2,2,1,0,0,2,0,0,0,0,0,2,0,0,0,0,1,0,0
39,49,3,2,2,1,0,0,2,0,0,0,0,0,2,0,0,0,0,1,0,0
40,49,3,2,2,1,0,0,2,0,0,0,0,0,2,0,0,0,0,1,0,0
41,49,3,2,2,1,0,0,2,0,0,0,0,0,2,0,0,0,0,1,0,0
42,49,3,2,2,1,0,0,2,0,0,0,0,0,2,0,0,0,0,1,0,0
43,49,3,2,2,1,0,0,2,0,0,0,0,0,2,0,0,0,0,1,0,0
44,49,3,2,2,1,0,0,2,0,0,0,0,0,2,0,0,0,0,1,0,0
45,49,3,2,2,1,0,0,2,0,0,0,0,0,2,0,0,0,0,1,0,0
46,49,3,2,2,1,0,0,2,0,0,0,0,0,2,0,0,0,0,1,0,0
47,49,3,2,2,1,0,0,2,0,0,0,0,0,2,0,0,0,0,1,0,0
48,49,3,2,2,1,0,0,2,0,0,0,0,0,2,0,0,0,0,1,0,0
49,49,3,2,2,1,0,0,2,0,0,0,0,0,2,0,0,0,0,1,0,0
50,49,3,2,2,1,0,0,2,0,0,0,0,0,2,0,0,0,0,1,0,0
51,49,3,2,2,1,0,0,2,0,0,0,0,0,2,0,0,0,0,1,0,0
52,49,3,2,2,1,0,0,2,0,0,0,0,0,2,0,0,0,0,1,0,0
53,49,3,2,2,1,0,0,2,0,0,0,0,0,2,0,0,0,0,1,0,0
54,49,3,2,2,3,2,0,2,0,0,0,0,0,2,0,0,0,0,1,0,0
55,47,5,2,2,3,0,0,2,0,0,0,0,0,2,0,0,0,0,3,0,0
56,47,5,2,2,3,0,0,2,0,0,0,0,0,2,0,0,0,0,3,0,0
57,47,5,2,2,3,0,0,2,0,0,0,0,0,2,0,0,0,0,3,0,0
58,47,5,2,2,3,0,0,2,0,0,0,0,0,2,0,0,0,0,3,0,0
59,47,5,2,2,3,0,0,2,0,0,0,0,0,2,0,0,0,0,3,0,0
60,47,5,2,2,3,0,0,2,0,0,0,0,0,2,0,0,0,0,3,0,0
61,47,5,2,2,3,0,0,2,0,0,0,0,0,2,0,0,0,0,3,0,0
62,47,5,2,2,3,0,0,2,0,0,0,0,0,2,0,0,0,0,3,0,0
63,47,5,2,2,3,0,0,2,0,0,0,0,0,2,0,0,0,0,3,0,0
64,47,5,2,2,3,0,0,2,0,0,0,0,0,2,0,0,0,0,3,0,0
65,47,5,2,2,3,0,0,2,0,0,0,0,0,2,0,0,0,0,3,0,0
66,47,5,2,2,3,0,0,2,0,0,0,0,0,2,0,0,0,0,3,0,0
67,47,5,2,2,3,0,0,2,0,0,0,0,0,2,0,0,0,0,3,0,0
68,47,5,2,2,3,0,0,2,0,0,0,0,0,2,0,0,0,0,3,0,0
69,47,5,2,2,3,0,0,2,0,0,0,0,0,2,0,0,0,0,3,0,0
70,47,5,2,2,3,0,0,2,0,0,0,0,0,2,0,0,0,0,3,0,0
71,47,5,2,2,3,0,0,2,0,0,0,0,0,2,0,0,0,0,3,0,0
72,47,5,2,2,3,0,0,2,0,0,0,0,0,2,0,0,0,0,3,0,0
73,47,5,2,2,3,0,0,2,2,0,0,0,0,0,0,0,0,0,3,0,0
74,47,5,2,2,3,0,0,2,2,0,0,0,0,0,0,0,0,0,3,0,0
75,47,5,2,2,3,0,0,2,2,0,0,0,0,0,0,0,0,0,3,0,0
76,47,5,2,2,3,0,0,2,2,0,0,0,0,0,0,0,0,0,3,0,0
77,47,5,2,2,3,0,0,2,2,0,0,0,0,0,0,0,0,0,3,0,0
78,47,5,2,2,3,0,0,2,1,1,0,0,0,0,0,1,0,0,2,0,0
79,47,5,2,2,3,0,0,2,0,2,0,0,0,0,0,2,0,0,1,0,0
80,47,5,2,2,3,0,0,2,0,2,0,0,0,0,0,2,0,0,1,0,0
81,47,5,2,2,3,0,0,2,0,2,0,0,0,0,0,2,0,0,1,0,0
82,47,5,2,2,3,0,0,2,0,2,0,0,0,0,0,2,0,0,1,0,0
83,47,5,2,2,3,0,0,2,0,2,0,0,0,0,0,2,0,0,1,0,0
84,47,5,2,2,3,0,0,2,0,2,0,0,0,0,0,2,0,0,1,0,0
85,47,5,2,2,3,0,0,2,0,2,0,0,0,0,0,2,0,0,1,0,0
86,47,5,2,2,3,0,0,2,0,2,0,0,0,0,0,2,0,0,1,0,0
87,47,5,2,2,3,0,0,2,0,2,0,0,0,0,0,2,0,0,1,0,0
88,47,5,2,2,3,0,0,2,0,2,0,0,0,0,0,2,0,0,1,0,0
89,47,5,2,2,3,0,0,2,0,2,0,0,0,0,0,2,0,0,1,0,0
90,47,5,2,2,3,0,0,2,0,2,0,0,0,0,0,2,0,0,1,0,0
91,47,5,2,2,3,0,0,2,0,2,0,0,0,0,0,2,0,0,1,0,0
92,47,5,2,2,3,0,0,2,0,2,0,0,0,0,0,2,0,0,1,0,0
93,47,5,2,2,3,0,0,2,0,2,0,0,0,0,0,2,0,0,1,0,0
94,47,5,2,2,3,0,0,2,0,2,0,0,0,0,0,2,0,0,1,0,0
95,47,5,2,2,3,0,0,2,0,2,0,0,0,0,0,2,0,0,1,0,0
96,47,5,2,2,3,0,0,2,0,2,0,0,0,0,0,2,0,0,1,0,0
97,47,5,2,2,3,0,0,2,0,2,0,0,0,0,0,2,0,0,1,0,0
98,47,5,2,2,3,0,0,2,0,2,0,0,0,0,0,2,0,0,1,0,0
99,47,5,2,2,3,0,0,2,0,2,0,0,0,0,0,2,0,0,1,0,0
100,47,5,2,2,3,0,0,2,0,2,0,0,0,0,0,2,0,0,1,0,0
101,47,5,2,2,3,0,0,2,0,2,0,0,0,0,0,2,0,0,1,0,0
102,47,5,2,2,3,0,0,2,0,2,0,0,0,0,0,2,0,0,1,0,0
103,47,5,2,2,3,0,0,2,1,1,0,0,0,0,0,1,0,0,1,1,0
104,47,5,2,2,3,0,0,1,2,1,0,0,0,0,0,1,0,0,1,1,0
105,47,5,2,2,3,0,0,1,1,2,0,0,0,0,0,2,0,0,0,1,0
106,47,5,2,2,3,0,0,1,1,2,0,0,0,0,0,2,0,0,0,1,0
107,47,5,2,2,3,0,0,1,2,1,0,0,0,0,0,1,0,0,0,2,0
108,47,5,2,2,3,0,0,0,3,1,0,0,0,0,0,1,0,0,0,2,0
109,47,5,2,2,3,0,0,0,2,1,1,0,0,0,0,1,1,0,0,1,0
110,47,5,2,2,3,0,0,0,2,1,1,0,0,0,0,1,1,0,0,1,0
111,47,5,2,2,3,0,0,0,1,1,1,0,0,0,1,1,1,0,0,1,0
112,47,5,2,2,3,0,0,0,0,1,2,0,0,0,1,1,2,0,0,0,0
113,47,5,2,2,3,0,0,0,0,1,2,0,0,0,1,1,2,0,0,0,0
114,47,5,2,2,4,1,0,0,0,1,2,0,0,0,1,1,2,0,0,0,0
115,46,6,2,2,4,0,0,0,0,1,2,0,0,0,1,1,2,0,1,0,0
116,46,6,2,2,4,0,0,0,0,1,2,0,0,0,1,1,2,0,1,0,0
117,46,6,2,2,4,0,0,0,0,1,2,0,0,0,1,1,2,0,1,0,0
118,46,6,2,2,4,0,0,0,0,1,2,0,0,0,1,1,2,0,1,0,0
119,46,6,2,2,4,0,0,0,1,1,2,0,0,0,0,1,2,0,1,0,0
120,46,6,2,2,5,1,0,0,1,1,2,0,0,0,0,1,2,0,1,0,0
121,44,8,2,2,5,0,0,0,1,1,2,0,0,0,0,1,2,0,2,0,0
122,44,8,2,2,5,0,0,0,1,1,2,0,0,0,0,1,2,0,2,0,0
123,44,8,2,2,5,0,0,0,1,1,2,0,0,0,0,1,2,0,2,0,0
124,44,8,2,2,5,0,0,0,0,2,2,0,0,0,0,2,2,0,1,0,0
125,44,8,2,2,5,0,0,0,0,2,2,0,0,0,0,2,2,0,1,0,0
126,44,8,2,2,5,0,0,0,0,2,2,0,0,0,0,2,2,0,1,0,0
127,44,8,2,2,5,0,0,0,0,2,2,0,0,0,0,2,2,0,1,0,0
128,44,8,2,2,5,0,0,0,0,2,2,0,0,0,0,2,2,0,1,0,0
129,44,8,2,2,5,0,0,0,0,2,2,0,0,0,0,2,2,0,1,0,0
130,44,8,2,2,5,0,0,0,0,2,2,0,0,0,0,2,2,0,1,0,0
131,44,8,2,2,5,0,0,0,0,2,2,0,0,0,0,2,2,0,1,0,0
132,44,8,2,2,5,0,0,0,0,2,2,0,0,0,0,2,2,0,1,0,0
133,44,8,2,2,6,1,0,0,0,2,2,0,0,0,0,2,2,0,1,0,0
134,43,9,2,2,6,0,0,0,0,2,2,0,0,0,0,2,2,0,2,0,0
135,43,9,2,2,6,0,0,0,1,1,2,0,0,0,0,1,2,0,2,1,0
136,43,9,2,2,6,0,0,0,2,1,1,0,0,0,0,1,1,0,2,1,1
137,43,9,2,2,6,1,0,0,3,1,0,0,0,0,0,1,0,0,2,1,1
138,43,9,2,2,6,1,0,0,2,1,1,0,0,0,0,1,1,0,2,0,1
139,43,9,2,2,6,1,0,0,1,2,1,0,0,0,0,2,1,0,1,0,1
140,43,9,2,2,7,2,0,0,1,2,1,0,0,0,0,2,1,0,1,0,1
141,42,10,2,2,7,1,0,0,0,2,1,0,0,0,1,2,1,0,2,0,1
142,42,10,2,2,7,1,0,0,0,2,1,0,0,0,1,2,1,0,2,0,1
143,42,10,2,2,8,2,0,0,0,2,1,0,0,0,1,2,1,0,2,0,1
144,41,11,2,2,8,1,0,0,0,2,1,0,0,0,1,2,1,0,3,0,1
145,41,11,2,2,8,1,0,0,0,2,1,0,0,0,1,2,1,0,3,0,1
146,41,11,2,2,8,1,0,0,0,2,1,0,0,0,1,2,1,0,3,0,1
147,41,11,2,2,8,1,0,0,0,2,1,0,0,0,1,2,1,0,3,0,1
148,41,11,2,2,8,1,0,0,0,2,1,0,0,0,1,2,1,0,3,0,1
149,41,11,2,2,8,1,0,1,1,1,1,0,0,0,0,1,1,0,3,1,1
150,41,11,2,2,8,1,0,0,2,1,1,0,0,0,0,1,1,0,3,1,1
151,41,11,2,2,8,1,0,0,2,1,1,0,0,0,0,1,1,0,3,1,1
152,41,11,2,2,8,1,0,0,2,1,1,0,0,0,0,1,1,0,3,1,1
153,41,11,2,2,8,1,0,0,2,1,1,0,0,0,0,1,1,0,3,1,1
154,41,11,2,2,8,1,0,0,1,2,1,0,0,0,0,2,1,0,2,1,1
155,41,11,2,2,8,1,0,0,0,2,2,0,0,0,0,2,2,0,2,0,1
156,41,11,2,2,9,2,0,0,0,2,2,0,0,0,0,2,2,0,2,0,1
157,39,13,2,2,9,1,0,0,0,2,2,0,0,0,0,2,2,0,3,0,1
158,39,13,2,2,9,1,0,0,0,2,2,0,0,0,0,2,2,0,3,0,1
159,39,13,2,2,9,1,0,0,0,2,2,0,0,0,0,2,2,0,3,0,1
160,39,13,2,2,9,2,0,0,1,2,1,0,0,0,0,2,1,0,3,0,1
161,39,13,2,2,9,2,0,0,1,2,1,0,0,0,0,2,1,0,3,0,1
162,39,13,2,2,9,2,0,0,1,2,1,0,0,0,0,2,1,0,3,0,1
163,39,13,2,2,9,2,0,0,1,2,1,0,0,0,0,2,1,0,3,0,1
164,39,13,2,2,9,2,0,0,0,2,1,0,0,0,1,2,1,0,3,0,1
165,39,13,2,2,9,2,0,0,1,1,1,0,0,0,1,1,1,0,3,1,1
166,39,13,2,2,9,2,0,0,1,1,1,0,0,0,1,1,1,0,3,1,1
167,39,13,2,2,9,2,0,0,1,1,1,0,0,0,1,1,1,0,3,1,1
168,39,13,2,2,10,3,0,0,1,1,1,0,0,0,1,1,1,0,3,1,1
169,38,14,2,2,10,2,0,0,1,1,1,0,0,0,1,1,1,0,4,1,1
170,38,14,2,2,10,2,0,0,2,1,1,0,0,0,0,1,1,0,4,1,1
171,38,14,2,2,10,2,0,0,2,1,1,0,0,0,0,1,1,0,4,1,1
172,38,14,2,2,10,2,0,0,2,1,1,0,0,0,0,1,1,0,4,1,1
173,38,14,2,2,11,3,0,0,2,1,1,0,0,0,0,1,1,0,4,1,1
174,37,15,2,2,11,2,0,0,2,1,1,0,0,0,0,1,1,0,5,1,1
175,37,15,2,2,11,0,0,0,2,1,1,0,0,0,0,1,1,0,5,1,3
176,37,15,2,2,11,0,0,0,1,1,2,0,0,0,0,1,2,0,5,0,3
177,37,15,2,2,11,0,0,0,0,1,2,1,0,0,0,1,2,1,5,0,2
178,37,15,2,2,11,0,0,0,0,1,2,1,0,0,0,1,2,1,5,0,2
179,37,15,2,2,11,0,0,0,0,1,2,1,0,0,0,1,2,1,5,0,2
180,37,15,2,2,11,0,0,0,1,0,2,1,0,0,0,0,2,1,5,1,2
181,37,15,2,2,11,0,0,0,0,1,2,1,0,0,0,1,2,1,4,1,2
182,37,15,2,2,11,0,0,0,0,1,2,1,0,0,0,1,2,1,4,1,2
183,37,15,2,2,12,2,0,0,1,1,1,1,0,0,0,1,1,1,4,1,2
184,36,16,2,2,12,2,0,0,2,1,1,0,0,0,0,1,1,0,5,1,2
185,36,16,2,2,12,2,0,0,2,1,1,0,0,0,0,1,1,0,5,1,2
186,36,16,2,2,12,2,0,0,2,1,1,0,0,0,0,1,1,0,5,1,2
187,36,16,2,2,12,2,0,0,2,1,1,0,0,0,0,1,1,0,5,1,2
188,36,16,2,2,12,2,0,0,1,1,2,0,0,0,0,1,2,0,5,0,2
189,36,16,2,2,13,3,0,0,0,2,2,0,0,0,0,2,2,0,4,0,2
190,34,18,2,2,14,3,0,0,0,2,2,0,0,0,0,2,2,0,5,0,2
191,33,19,2,2,14,2,0,0,0,2,2,0,0,0,0,2,2,0,6,0,2
192,33,19,2,2,14,2,0,0,0,2,2,0,0,0,0,2,2,0,6,0,2
193,33,19,2,2,14,2,0,0,0,2,2,0,0,0,0,2,2,0,6,0,2
194,33,19,2,2,14,2,0,0,0,2,2,0,0,0,0,2,2,0,6,0,2
195,33,19,2,2,14,2,0,0,0,2,2,0,0,0,0,2,2,0,6,0,2
196,33,19,2,2,14,2,0,0,0,2,2,0,0,0,0,2,2,0,6,0,2
197,33,19,2,2,14,2,0,0,0,2,2,0,0,0,0,2,2,0,6,0,2
198,33,19,2,2,14,2,0,0,0,2,2,0,0,0,0,2,2,0,6,0,2
199,33,19,2,2,14,2,0,0,0,2,2,0,0,0,0,2,2,0,6,0,2
200,33,19,2,2,14,2,0,0,0,2,2,0,0,0,0,2,2,0,6,0,2
201,33,19,2,2,14,2,0,0,0,2,2,0,0,0,0,2,2,0,6,0,2
202,33,19,2,2,14,3,0,0,1,2,1,0,0,0,0,2,1,0,6,0,2
203,33,19,2,2,14,3,0,0,1,2,1,0,0,0,0,2,1,0,6,0,2
204,33,19,2,2,14,3,0,0,1,2,1,0,0,0,0,2,1,0,6,0,2
205,33,19,2,2,14,3,0,0,1,2,1,0,0,0,0,2,1,0,6,0,2
206,33,19,2,2,14,3,0,0,1,2,1,0,0,0,0,2,1,0,6,0,2
207,33,19,2,2,14,3,0,0,2,1,1,0,0,0,0,1,1,0,6,1,2
208,33,19,2,2,14,3,0,0,1,1,1,0,0,0,1,1,1,0,6,1,2
209,33,19,2,2,15,4,0,0,1,1,1,0,0,0,1,1,1,0,6,1,2
210,32,20,2,2,15,3,0,0,1,1,1,0,0,0,1,1,1,0,7,1,2
211,32,20,2,2,15,3,0,0,1,1,1,0,0,0,1,1,1,0,7,1,2
212,32,20,2,2,15,3,0,0,0,2,1,0,0,0,1,2,1,0,6,1,2
213,32,20,2,2,15,3,0,0,0,2,1,0,0,0,1,2,1,0,6,1,2
214,32,20,2,2,16,5,0,0,1,2,0,0,0,0,1,2,0,0,6,1,2
215,31,21,2,2,17,5,0,0,1,1,1,0,0,0,1,1,1,0,7,1,2
216,29,23,2,2,17,4,0,0,1,1,1,0,0,0,1,1,1,0,8,1,2
217,29,23,2,2,17,4,0,0,1,1,1,0,0,0,1,1,1,0,8,1,2
218,29,23,2,2,17,4,0,0,1,1,1,0,0,0,1,1,1,0,8,1,2
219,29,23,2,2,17,4,0,0,1,1,1,0,0,0,1,1,1,0,8,1,2
220,29,23,2,2,17,4,0,0,0,2,1,0,0,0,1,2,1,0,7,1,2
221,29,23,2,2,17,4,0,0,0,2,1,0,0,0,1,2,1,0,7,1,2
222,29,23,2,2,17,4,0,0,0,2,1,0,0,0,1,2,1,0,7,1,2
223,29,23,2,2,17,4,0,0,0,2,1,0,0,0,1,2,1,0,7,1,2
224,29,23,2,2,17,4,0,0,1,2,1,0,0,0,0,2,1,0,7,1,2
225,29,23,2,2,17,4,0,0,1,2,1,0,0,0,0,2,1,0,7,1,2
226,29,23,2,2,17,4,0,0,1,2,1,0,0,0,0,2,1,0,7,1,2
227,29,23,2,2,17,4,0,0,1,2,1,0,0,0,0,2,1,0,7,1,2
228,29,23,2,2,17,4,0,0,1,2,1,0,0,0,0,2,1,0,7,1,2
229,29,23,2,2,17,4,0,0,1,2,1,0,0,0,0,2,1,0,7,1,2
230,29,23,2,2,17,4,0,0,0,2,2,0,0,0,0,2,2,0,7,0,2
231,29,23,2,2,17,4,0,0,0,2,2,0,0,0,0,2,2,0,7,0,2
232,29,23,2,2,17,4,0,0,0,2,2,0,0,0,0,2,2,0,7,0,2
233,29,23,2,2,17,4,0,0,0,2,2,0,0,0,0,2,2,0,7,0,2
234,29,23,2,2,18,5,0,0,0,2,2,0,0,0,0,2,2,0,7,0,2
235,28,24,2,2,18,3,0,0,0,2,2,0,0,0,0,2,2,0,8,0,3
236,28,24,2,2,18,3,0,0,0,2,2,0,0,0,0,2,2,0,8,0,3
237,28,24,2,2,18,3,0,0,0,2,2,0,0,0,0,2,2,0,8,0,3
238,28,24,2,2,18,4,0,0,1,2,1,0,0,0,0,2,1,0,8,0,3
239,28,24,2,2,18,4,0,0,1,2,1,0,0,0,0,2,1,0,8,0,3
240,28,24,2,2,18,4,0,0,2,1,1,0,0,0,0,1,1,0,8,1,3
241,28,24,2,2,18,4,0,0,2,1,1,0,0,0,0,1,1,0,8,1,3
242,28,24,2,2,18,4,0,0,2,1,1,0,0,0,0,1,1,0,8,1,3
243,28,24,2,2,18,4,0,0,2,1,1,0,0,0,0,1,1,0,8,1,3
244,28,24,2,2,18,4,0,0,2,1,1,0,0,0,0,1,1,0,8,1,3
245,28,24,2,2,18,4,0,0,3,0,1,0,0,0,0,0,1,0,8,2,3
246,28,24,2,2,18,4,0,0,3,0,1,0,0,0,0,0,1,0,8,2,3
247,28,24,2,2,18,4,0,0,2,1,1,0,0,0,0,1,1,0,7,2,3
248,28,24,2,2,18,4,0,0,2,1,1,0,0,0,0,1,1,0,7,2,3
249,28,24,2,2,18,4,0,0,1,1,2,0,0,0,0,1,2,0,7,1,3
250,28,24,2,2,18,4,0,0,0,1,2,1,0,0,0,1,2,1,7,1,2
251,28,24,2,2,18,4,0,0,0,1,2,1,0,0,0,1,2,1,7,1,2
252,28,24,2,2,18,3,0,0,0,1,2,1,0,0,0,1,2,1,7,1,3
253,28,24,2,2,18,3,0,0,0,1,2,1,0,0,0,1,2,1,7,1,3
254,28,24,2,2,18,3,0,0,0,1,2,1,0,0,0,1,2,1,7,1,3
255,28,24,2,2,18,3,0,0,0,1,2,1,0,0,0,1,2,1,7,1,3
256,28,24,2,2,18,5,0,0,2,1,1,0,0,0,0,1,1,0,7,1,3
257,28,24,2,2,18,5,0,0,2,1,1,0,0,0,0,1,1,0,7,1,3
258,28,24,2,2,18,5,0,0,2,1,1,0,0,0,0,1,1,0,7,1,3
259,28,24,2,2,18,5,0,0,2,1,1,0,0,0,0,1,1,0,7,1,3
260,28,24,2,2,18,5,0,0,1,2,1,0,0,0,0,2,1,0,6,1,3
261,28,24,2,2,18,5,0,0,0,2,2,0,0,0,0,2,2,0,6,0,3
262,28,24,2,2,18,5,0,0,0,2,2,0,0,0,0,2,2,0,6,0,3
263,28,24,2,2,18,5,0,0,0,2,2,0,0,0,0,2,2,0,6,0,3
264,28,24,2,2,18,5,0,0,0,2,2,0,0,0,0,2,2,0,6,0,3
265,28,24,2,2,18,5,0,0,0,2,2,0,0,0,0,2,2,0,6,0,3
266,28,24,2,2,18,5,0,0,0,2,2,0,0,0,0,2,2,0,6,0,3
267,28,24,2,2,19,6,0,0,0,2,2,0,0,0,0,2,2,0,6,0,3
268,27,25,2,2,19,5,0,0,0,2,2,0,0,0,0,2,2,0,7,0,3
269,27,25,2,2,19,5,0,0,0,2,2,0,0,0,0,2,2,0,7,0,3
270,27,25,2,2,19,5,0,0,0,2,2,0,0,0,0,2,2,0,7,0,3
271,27,25,2,2,19,5,0,0,1,1,2,0,0,0,0,1,2,0,7,1,3
272,27,25,2,2,19,5,0,0,1,1,2,0,0,0,0,1,2,0,7,1,3
273,27,25,2,2,19,5,0,0,1,1,2,0,0,0,0,1,2,0,7,1,3
274,27,25,2,2,19,5,0,0,1,1,2,0,0,0,0,1,2,0,7,1,3
275,27,25,2,2,19,5,0,0,1,1,2,0,0,0,0,1,2,0,7,1,3
276,27,25,2,2,19,5,0,0,1,1,2,0,0,0,0,1,2,0,7,1,3
277,27,25,2,2,19,6,0,0,2,1,1,0,0,0,0,1,1,0,7,1,3
278,27,25,2,2,19,6,0,0,2,1,1,0,0,0,0,1,1,0,7,1,3
279,27,25,2,2,19,6,0,0,2,1,1,0,0,0,0,1,1,0,7,1,3
280,27,25,2,2,19,6,0,0,2,1,1,0,0,0,0,1,1,0,7,1,3
281,27,25,2,2,19,6,0,0,2,1,1,0,0,0,0,1,1,0,7,1,3
282,27,25,2,2,19,6,0,0,0,1,1,1,0,0,1,1,1,1,7,1,2
283,27,25,2,2,19,6,0,0,1,0,1,1,0,0,1,0,1,1,7,2,2
284,27,25,2,2,19,6,0,0,1,0,1,1,0,0,1,0,1,1,7,2,2
285,27,25,2,2,19,6,0,0,1,0,1,1,0,0,1,0,1,1,7,2,2
286,27,25,2,2,19,6,0,0,1,0,1,1,0,0,1,0,1,1,7,2,2
287,27,25,2,2,19,6,0,0,1,0,1,1,0,0,1,0,1,1,7,2,2
288,27,25,2,2,19,7,0,0,2,0,1,0,0,0,1,0,1,0,7,2,2
289,27,25,2,2,19,7,0,0,2,0,1,0,0,0,1,0,1,0,7,2,2
290,27,25,2,2,19,8,0,0,3,0,0,0,0,0,1,0,0,0,7,2,2
291,27,25,2,2,19,8,0,0,3,1,0,0,0,0,0,1,0,0,6,2,2
292,27,25,2,2,19,8,0,0,2,1,1,0,0,0,0,1,1,0,6,1,2
293,27,25,2,2,19,8,0,0,2,1,1,0,0,0,0,1,1,0,6,1,2
294,27,25,2,2,19,8,0,0,2,1,1,0,0,0,0,1,1,0,6,1,2
295,27,25,2,2,19,6,0,0,1,2,1,0,0,0,0,2,1,0,5,1,4
296,27,25,2,2,19,6,0,0,0,2,2,0,0,0,0,2,2,0,5,0,4
297,27,25,2,2,19,6,0,0,0,2,2,0,0,0,0,2,2,0,5,0,4
298,27,25,2,2,19,6,0,0,0,2,2,0,0,0,0,2,2,0,5,0,4
299,27,25,2,2,19,6,0,0,0,2,2,0,0,0,0,2,2,0,5,0,4
300,27,25,2,2,19,6,0,0,0,2,2,0,0,0,0,2,2,0,5,0,4
301,27,25,2,2,19,6,0,0,0,2,2,0,0,0,0,2,2,0,5,0,4
302,27,25,2,2,19,6,0,0,0,2,2,0,0,0,0,2,2,0,5,0,4
303,27,25,2,2,19,6,0,0,0,2,2,0,0,0,0,2,2,0,5,0,4
304,27,25,2,2,19,6,0,0,0,2,2,0,0,0,0,2,2,0,5,0,4
305,27,25,2,2,19,6,0,0,0,2,2,0,0,0,0,2,2,0,5,0,4
306,27,25,2,2,19,6,0,0,0,2,2,0,0,0,0,2,2,0,5,0,4
307,27,25,2,2,19,6,0,0,0,2,2,0,0,0,0,2,2,0,5,0,4
308,27,25,2,2,19,6,0,0,0,2,2,0,0,0,0,2,2,0,5,0,4
309,27,25,2,2,19,6,0,0,0,2,2,0,0,0,0,2,2,0,5,0,4
310,27,25,2,2,19,6,0,0,0,2,2,0,0,0,0,2,2,0,5,0,4
311,27,25,2,2,19,6,0,0,0,2,2,0,0,0,0,2,2,0,5,0,4
312,27,25,2,2,19,6,0,0,0,2,2,0,0,0,0,2,2,0,5,0,4
313,27,25,2,2,19,6,0,0,0,2,2,0,0,0,0,2,2,0,5,0,4
314,27,25,2,2,19,6,0,0,0,2,2,0,0,0,0,2,2,0,5,0,4
315,27,25,2,2,19,6,0,0,0,2,2,0,0,0,0,2,2,0,5,0,4
316,27,25,2,2,19,6,0,0,0,2,2,0,0,0,0,2,2,0,5,0,4
317,27,25,2,2,19,7,0,0,2,1,1,0,0,0,0,1,1,0,5,1,4
318,27,25,2,2,19,7,0,0,2,1,1,0,0,0,0,1,1,0,5,1,4
319,27,25,2,2,19,7,0,0,1,2,1,0,0,0,0,2,1,0,4,1,4
320,27,25,2,2,19,7,0,0,1,2,1,0,0,0,0,2,1,0,4,1,4
321,27,25,2,2,19,7,0,0,1,2,1,0,0,0,0,2,1,0,4,1,4
322,27,25,2,2,19,7,0,0,1,1,1,0,0,0,1,1,1,0,4,2,4
323,27,25,2,2,19,8,0,0,2,1,0,0,0,0,1,1,0,0,4,2,4
324,27,25,2,2,19,8,0,0,1,2,0,0,0,0,1,2,0,0,3,2,4
325,27,25,2,2,19,8,0,0,1,2,0,0,0,0,1,2,0,0,3,2,4
326,27,25,2,2,19,8,0,0,1,2,0,0,0,0,1,2,0,0,3,2,4
327,27,25,2,2,19,8,0,0,1,2,0,0,0,0,1,2,0,0,3,2,4
328,27,25,2,2,19,8,0,0,2,2,0,0,0,0,0,2,0,0,3,2,4
329,27,25,2,2,19,8,0,0,2,2,0,0,0,0,0,2,0,0,3,2,4
330,27,25,2,2,19,8,0,0,2,2,0,0,0,0,0,2,0,0,3,2,4
331,27,25,2,2,19,8,0,0,0,2,2,0,0,0,0,2,2,0,3,0,4
332,27,25,2,2,19,8,0,0,0,2,2,0,0,0,0,2,2,0,3,0,4
333,27,25,2,2,19,8,0,0,0,2,2,0,0,0,0,2,2,0,3,0,4
334,27,25,2,2,19,8,0,0,0,2,2,0,0,0,0,2,2,0,3,0,4
335,27,25,2,2,19,8,0,0,0,2,2,0,0,0,0,2,2,0,3,0,4
336,27,25,2,2,19,8,0,0,0,2,2,0,0,0,0,2,2,0,3,0,4
337,27,25,2,2,19,8,0,0,0,2,2,0,0,0,0,2,2,0,3,0,4
338,27,25,2,2,19,8,0,0,0,2,2,0,0,0,0,2,2,0,3,0,4
339,27,25,2,2,19,8,0,0,0,2,2,0,0,0,0,2,2,0,3,0,4
340,27,25,2,2,20,9,0,0,0,2,2,0,0,0,0,2,2,0,3,0,4
341,26,26,2,2,20,8,0,0,1,1,2,0,0,0,0,1,2,0,4,1,4
342,26,26,2,2,20,8,0,0,1,1,2,0,0,0,0,1,2,0,4,1,4
343,26,26,2,2,20,8,0,0,1,1,2,0,0,0,0,1,2,0,4,1,4
344,26,26,2,2,20,8,0,0,1,1,2,0,0,0,0,1,2,0,4,1,4
345,26,26,2,2,20,8,0,0,1,1,2,0,0,0,0,1,2,0,4,1,4
346,26,26,2,2,20,8,0,0,1,1,2,0,0,0,0,1,2,0,4,1,4
347,26,26,2,2,20,8,0,0,1,1,2,0,0,0,0,1,2,0,4,1,4
348,26,26,2,2,20,8,0,0,2,0,2,0,0,0,0,0,2,0,4,2,4
349,26,26,2,2,20,8,0,0,2,0,2,0,0,0,0,0,2,0,4,2,4
350,26,26,2,2,20,8,0,0,2,0,2,0,0,0,0,0,2,0,4,2,4
351,26,26,2,2,20,8,0,0,1,0,2,1,0,0,0,0,2,1,4,2,3
352,26,26,2,2,20,8,0,0,1,0,2,1,0,0,0,0,2,1,4,2,3
353,26,26,2,2,20,8,0,0,0,1,2,1,0,0,0,1,2,1,3,2,3
354,26,26,2,2,20,8,0,0,0,1,2,1,0,0,0,1,2,1,3,2,3
355,26,26,2,2,20,8,0,0,0,1,2,1,0,0,0,1,2,1,3,2,3
356,26,26,2,2,20,9,0,0,1,1,1,1,0,0,0,1,1,1,3,2,3
357,26,26,2,2,20,10,0,0,2,1,0,1,0,0,0,1,0,1,3,2,3
358,26,26,2,2,20,10,0,0,2,1,1,0,0,0,0,1,1,0,3,1,4
359,26,26,2,2,20,10,0,0,1,1,2,0,0,0,0,1,2,0,3,0,4
360,26,26,2,2,20,10,0,0,1,1,2,0,0,0,0,1,2,0,3,0,4
361,26,26,2,2,20,9,0,0,1,1,2,0,0,0,0,1,2,0,3,0,5
362,26,26,2,2,20,9,0,0,1,1,2,0,0,0,0,1,2,0,3,0,5
363,26,26,2,2,20,9,0,0,0,2,2,0,0,0,0,2,2,0,2,0,5
364,26,26,2,2,20,9,0,0,0,2,2,0,0,0,0,2,2,0,2,0,5
365,26,26,2,2,20,9,0,0,0,2,2,0,0,0,0,2,2,0,2,0,5
366,26,26,2,2,21,10,0,0,0,2,2,0,0,0,0,2,2,0,2,0,5
367,24,28,2,2,21,9,0,0,0,2,2,0,0,0,0,2,2,0,3,0,5
368,24,28,2,2,21,9,0,0,0,2,2,0,0,0,0,2,2,0,3,0,5
369,24,28,2,2,21,9,0,0,0,2,2,0,0,0,0,2,2,0,3,0,5
370,24,28,2,2,21,9,0,0,0,2,2,0,0,0,0,2,2,0,3,0,5
371,24,28,2,2,21,9,0,0,0,2,2,0,0,0,0,2,2,0,3,0,5
372,24,28,2,2,22,10,0,0,0,2,2,0,0,0,0,2,2,0,3,0,5
373,23,29,2,2,22,9,0,0,0,2,2,0,0,0,0,2,2,0,4,0,5
374,23,29,2,2,22,8,0,0,0,2,2,0,0,0,0,2,2,0,4,0,6
375,23,29,2,2,22,8,0,0,0,2,2,0,0,0,0,2,2,0,4,0,6
376,23,29,2,2,22,8,0,0,0,2,2,0,0,0,0,2,2,0,4,0,6
377,23,29,2,2,22,8,0,0,0,2,2,0,0,0,0,2,2,0,4,0,6
378,23,29,2,2,22,8,0,0,1,1,2,0,0,0,0,1,2,0,4,1,6
379,23,29,2,2,22,8,0,0,1,1,2,0,0,0,0,1,2,0,4,1,6
380,23,29,2,2,22,8,0,0,1,1,2,0,0,0,0,1,2,0,4,1,6
381,23,29,2,2,22,7,0,0,1,1,2,0,0,0,0,1,2,0,4,1,7
382,23,29,2,2,22,7,0,0,1,1,2,0,0,0,0,1,2,0,4,1,7
383,23,29,2,2,22,7,0,0,1,1,2,0,0,0,0,1,2,0,4,1,7
384,23,29,2,2,22,7,0,0,2,1,1,0,0,0,0,1,1,0,4,1,8
385,23,29,2,2,22,7,0,0,2,1,1,0,0,0,0,1,1,0,4,1,8
386,23,29,2,2,23,9,0,0,3,1,0,0,0,0,0,1,0,0,4,1,8
387,22,30,2,2,23,8,0,0,2,1,0,0,0,0,1,1,0,0,5,1,8
388,22,30,2,2,23,8,0,0,1,1,0,1,0,0,1,1,0,1,5,1,7
389,22,30,2,2,23,8,0,0,1,1,0,1,0,0,1,1,0,1,5,1,7
390,22,30,2,2,23,8,0,0,2,0,0,1,0,0,1,0,0,1,5,2,7
391,22,30,2,2,23,8,0,0,1,0,1,1,0,0,1,0,1,1,5,1,7
392,22,30,2,2,23,8,0,0,1,0,1,1,0,0,1,0,1,1,5,1,7
393,22,30,2,2,23,8,0,0,1,0,1,1,0,0,1,0,1,1,5,1,7
394,22,30,2,2,23,8,0,0,2,0,1,1,0,0,0,0,1,1,5,1,7
395,22,30,2,2,23,8,0,0,3,0,1,0,0,0,0,0,1,0,5,2,7
396,22,30,2,2,23,8,0,0,3,0,1,0,0,0,0,0,1,0,5,2,7
397,22,30,2,2,23,7,0,0,3,0,1,0,0,0,0,0,1,0,5,2,8
398,22,30,2,2,23,7,0,0,2,0,2,0,0,0,0,0,2,0,5,1,8
399,22,30,2,2,23,7,0,0,2,0,2,0,0,0,0,0,2,0,5,1,8
400,22,30,2,2,23,7,0,0,0,1,2,1,0,0,0,1,2,1,4,1,7
401,22,30,2,2,23,7,0,0,0,1,2,1,0,0,0,1,2,1,4,1,7
402,22,30,2,2,23,7,0,0,0,1,2,1,0,0,0,1,2,1,4,1,7
403,22,30,2,2,23,7,0,0,0,1,2,1,0,0,0,1,2,1,4,1,7
404,22,30,2,2,23,7,0,0,0,1,2,1,0,0,0,1,2,1,4,1,7
405,22,30,2,2,23,7,0,0,0,1,2,1,0,0,0,1,2,1,4,1,7
406,22,30,2,2,23,7,0,0,1,1,2,0,0,0,0,1,2,0,4,2,7
407,22,30,2,2,23,7,0,0,1,1,2,0,0,0,0,1,2,0,4,2,7
408,22,30,2,2,23,7,0,0,1,1,2,0,0,0,0,1,2,0,4,2,7
409,22,30,2,2,23,6,0,0,1,1,2,0,0,0,0,1,2,0,4,2,8
410,22,30,2,2,23,6,0,0,1,1,2,0,0,0,0,1,2,0,4,2,8
411,22,30,2,2,23,6,0,0,0,2,2,0,0,0,0,2,2,0,3,2,8
412,22,30,2,2,23,6,0,0,0,2,2,0,0,0,0,2,2,0,3,2,8
413,22,30,2,2,23,6,0,0,0,2,2,0,0,0,0,2,2,0,3,2,8
414,22,30,2,2,23,6,0,0,1,2,1,0,0,0,0,2,1,0,3,2,9
415,22,30,2,2,23,6,0,0,1,2,1,0,0,0,0,2,1,0,3,2,9
416,22,30,2,2,23,6,0,0,1,2,1,0,0,0,0,2,1,0,3,2,9
417,22,30,2,2,23,6,0,0,1,2,1,0,0,0,0,2,1,0,3,2,9
418,22,30,2,2,23,6,0,0,1,2,1,0,0,0,0,2,1,0,3,2,9
419,22,30,4,4,23,6,2,2,0,2,2,0,0,0,0,2,2,0,3,1,9
420,22,30,2,2,23,6,0,0,0,2,2,0,4,0,0,0,0,0,3,1,9
421,22,30,2,2,23,6,0,0,0,2,2,0,4,0,0,0,0,0,3,1,9
422,22,30,2,2,23,6,0,0,0,2,2,0,4,0,0,0,0,0,3,1,9
423,22,30,2,2,23,6,0,0,0,2,2,0,4,0,0,0,0,0,3,1,9
424,22,30,2,2,23,5,0,0,0,2,2,0,4,0,0,0,0,0,3,1,10
425,22,30,2,2,23,5,0,0,0,2,2,0,4,0,0,0,0,0,3,1,10
426,22,30,2,2,23,5,0,0,0,2,2,0,4,0,0,0,0,0,3,1,10
427,22,30,2,2,23,5,0,0,0,2,2,0,4,0,0,0,0,0,3,1,10
428,22,30,2,2,23,5,0,0,0,2,2,0,4,0,0,0,0,0,3,1,10
429,22,30,2,2,23,5,0,0,0,2,2,0,4,0,0,0,0,0,3,1,10
430,22,30,2,2,23,4,0,0,0,2,2,0,4,0,0,0,0,0,3,1,11
431,22,30,2,2,23,3,0,0,0,2,2,0,4,0,0,0,0,0,3,1,12
432,22,30,2,2,23,3,0,0,0,2,2,0,4,0,0,0,0,0,3,1,12
433,22,30,2,2,23,3,0,0,0,2,2,0,4,0,0,0,0,0,3,1,12
434,22,30,2,2,23,3,0,0,0,2,2,0,4,0,0,0,0,0,3,1,12
435,22,30,2,2,23,3,0,0,0,2,2,0,4,0,0,0,0,0,3,1,12
436,22,30,2,2,23,3,0,0,0,2,2,0,4,0,0,0,0,0,3,1,12
437,22,30,2,2,23,3,0,0,0,2,2,0,4,0,0,0,0,0,3,1,12
438,22,30,2,2,23,3,0,0,0,2,2,0,4,0,0,0,0,0,3,1,12
439,22,30,2,2,23,3,0,0,0,2,2,0,4,0,0,0,0,0,3,1,12
440,22,30,2,2,23,3,0,0,0,2,2,0,4,0,0,0,0,0,3,1,12
441,22,30,2,2,23,3,0,0,0,2,2,0,4,0,0,0,0,0,3,1,12
442,22,30,2,2,23,3,0,0,0,2,2,0,4,0,0,0,0,0,3,1,12
443,22,30,2,2,23,3,0,0,0,2,2,0,4,0,0,0,0,0,3,1,12
444,22,30,2,2,23,3,0,0,0,2,2,0,4,0,0,0,0,0,3,1,12
445,22,30,2,2,23,3,0,0,0,2,2,0,4,0,0,0,0,0,3,1,12
446,22,30,2,2,23,3,0,0,0,2,2,0,4,0,0,0,0,0,3,1,12
447,22,30,2,2,23,3,0,0,0,2,2,0,4,0,0,0,0,0,3,1,12
448,22,30,2,2,23,3,0,0,0,2,2,0,4,0,0,0,0,0,3,1,12
449,22,30,2,2,23,3,0,0,0,2,2,0,4,0,0,0,0,0,3,1,12
450,22,30,2,2,23,2,0,0,0,2,2,0,4,0,0,0,0,0,3,1,13
451,22,30,2,2,23,2,0,0,0,2,2,0,4,0,0,0,0,0,3,1,13
452,22,30,2,2,23,2,0,0,0,2,2,0,4,0,0,0,0,0,3,1,13
453,22,30,2,2,23,2,0,0,1,2,2,0,3,0,0,0,0,0,3,1,13
454,22,30,2,2,23,2,0,0,1,2,2,0,3,0,0,0,0,0,3,1,13
455,22,30,2,2,23,1,0,0,1,2,2,0,3,0,0,0,0,0,3,1,14
456,22,30,2,2,23,0,0,0,3,2,2,0,0,0,1,0,0,0,3,1,15
457,22,30,2,2,23,0,0,0,2,2,2,0,0,0,1,0,1,0,3,1,15
458,22,30,2,2,23,0,0,0,0,2,3,0,0,2,1,0,1,0,3,0,15
459,22,30,2,2,23,0,0,0,0,2,3,0,0,2,1,0,1,0,3,0,15
460,22,30,2,2,23,0,0,0,0,2,3,0,0,2,1,0,1,0,3,0,15
461,22,30,2,2,23,0,0,0,0,2,3,0,0,2,1,0,1,0,3,0,15
462,22,30,2,2,23,0,0,0,0,2,3,0,0,2,1,0,1,0,3,0,15
463,22,30,2,2,23,0,0,0,0,2,3,0,0,2,1,0,1,0,3,0,15
464,22,30,2,2,23,0,0,0,0,2,3,0,0,2,1,0,1,0,3,0,15
465,22,30,2,2,23,0,0,0,0,2,3,0,0,2,1,0,1,0,3,0,15
466,22,30,2,2,23,0,0,0,0,2,3,0,0,2,1,0,1,0,3,0,15
467,22,30,2,2,23,0,0,0,0,2,3,0,0,2,1,0,1,0,3,0,15
468,22,30,2,2,23,0,0,0,0,2,3,0,0,2,1,0,1,0,3,0,15
469,22,30,2,2,23,0,0,0,0,2,3,0,0,2,1,0,1,0,3,0,15
470,22,30,2,2,23,0,0,0,0,2,3,0,0,2,1,0,1,0,3,0,15
471,22,30,2,2,23,0,0,0,0,2,3,0,0,2,1,0,1,0,3,0,15
472,22,30,2,2,23,0,0,0,0,2,3,0,0,2,1,0,1,0,3,0,15
473,22,30,2,2,23,0,0,0,0,2,3,0,0,2,1,0,1,0,3,0,15
474,22,30,2,2,23,0,0,0,0,2,3,0,0,2,1,0,1,0,3,0,15
475,22,30,2,2,23,0,0,0,0,2,3,0,0,2,1,0,1,0,3,0,15
476,22,30,2,2,23,0,0,0,0,2,3,0,0,2,1,0,1,0,3,0,15
477,22,30,2,2,23,0,0,0,0,2,3,0,0,2,1,0,1,0,3,0,15
478,22,30,2,2,23,0,0,0,0,2,3,0,0,2,1,0,1,0,3,0,15
479,22,30,2,2,23,0,0,0,0,2,3,0,0,2,1,0,1,0,3,0,15
480,22,30,2,2,23,0,0,0,0,2,3,0,0,2,1,0,1,0,3,0,15
481,22,30,2,2,23,0,0,0,0,2,3,0,0,2,1,0,1,0,3,0,15
482,22,30,2,2,23,0,0,0,0,2,3,0,0,2,1,0,1,0,3,0,15
483,22,30,2,2,23,0,0,0,0,2,3,0,0,2,1,0,1,0,3,0,15
484,22,30,2,2,23,0,0,0,0,2,3,0,0,2,1,0,1,0,3,0,15
485,22,30,2,2,23,0,0,0,1,2,3,0,0,2,1,0,0,0,3,0,15
486,22,30,2,2,23,0,0,0,1,2,2,0,0,2,1,0,0,0,3,0,16
487,22,30,2,2,23,0,0,0,1,2,2,0,0,2,1,0,0,0,3,0,16
488,22,30,2,2,23,0,0,0,1,2,2,0,0,2,1,0,0,0,3,0,16
489,22,30,2,2,23,0,0,0,0,2,2,0,0,2,2,0,0,0,3,0,16
490,22,30,2,2,23,0,0,0,0,2,2,0,0,2,2,0,0,0,3,0,16
491,22,30,2,2,23,0,0,0,1,2,2,0,0,1,2,0,0,0,3,0,16
492,22,30,2,2,23,0,0,0,1,2,2,0,0,1,2,0,0,0,3,0,16
493,22,30,2,2,23,0,0,0,1,2,2,0,0,1,2,0,0,0,3,0,16
494,22,30,2,2,23,0,0,0,1,2,2,0,0,1,2,0,0,0,3,0,16
495,22,30,2,2,23,0,0,0,2,2,2,0,0,0,2,0,0,0,3,0,16
496,22,30,2,2,23,0,0,0,2,2,2,0,0,0,2,0,0,0,3,0,16
497,22,30,2,2,23,0,0,0,1,2,2,0,0,0,2,0,0,1,3,0,16
498,22,30,2,2,23,0,0,0,1,2,2,1,0,0,2,0,0,1,3,0,15
499,22,30,2,2,23,0,0,0,1,2,2,1,0,0,2,0,0,1,3,0,15
500,22,30,2,2,23,0,0,0,1,2,2,1,0,0,2,0,0,1,3,0,15
501,22,30,2,2,23,0,0,0,0,2,2,1,0,0,2,0,0,2,3,0,15
502,22,30,2,2,23,0,0,0,0,2,2,2,0,0,2,0,0,2,3,0,14
503,22,30,2,2,23,0,0,0,0,2,2,2,0,0,2,0,0,2,3,0,14
504,22,30,2,2,23,0,0,0,1,2,2,2,0,0,2,0,0,1,3,0,14
505,22,30,2,2,23,0,0,0,1,2,2,1,0,0,2,0,0,1,3,1,14
506,22,30,2,2,23,0,0,1,1,2,2,1,0,0,1,0,0,1,3,1,14
507,22,30,2,2,23,0,0,1,2,2,2,1,0,0,1,0,0,0,3,1,14
508,22,30,2,2,23,0,0,0,3,2,2,0,0,0,1,0,0,0,3,2,14
509,22,30,2,2,23,0,0,0,3,2,2,0,0,0,1,0,0,0,3,2,14
510,22,30,2,2,23,0,0,0,3,2,2,0,0,0,1,0,0,0,3,2,14
511,22,30,2,2,23,0,0,0,4,2,2,0,0,0,0,0,0,0,3,2,14
512,22,30,2,2,23,0,0,0,2,2,2,0,0,0,0,1,1,0,3,2,14
513,22,30,2,2,23,0,0,0,2,3,3,0,0,0,0,1,1,0,2,1,14
514,22,30,2,2,23,0,0,0,2,3,3,0,0,0,0,1,1,0,2,1,14
515,22,30,2,2,23,0,0,0,2,3,3,0,0,0,0,1,1,0,2,1,14
516,22,30,2,2,23,0,0,0,1,3,3,0,0,0,0,1,2,0,2,1,14
517,22,30,2,2,23,0,0,0,1,3,4,0,0,0,0,1,2,0,2,0,14
518,22,30,2,2,23,0,0,0,1,3,4,0,0,0,0,1,2,0,2,0,14
519,22,30,2,2,23,0,0,0,0,3,4,0,0,0,0,1,2,1,2,0,14
520,22,30,2,2,23,0,0,0,0,3,4,1,0,0,0,1,2,1,2,0,13
521,22,30,2,2,23,0,0,0,0,3,4,1,0,0,0,1,2,1,2,0,13
522,22,30,2,2,23,0,0,0,0,3,4,1,0,0,0,1,2,1,2,0,13
523,22,30,2,2,23,0,0,0,0,3,4,1,0,0,0,1,2,1,2,0,13
524,22,30,2,2,23,0,0,0,0,3,4,1,0,0,0,1,2,1,2,0,13
525,22,30,2,2,23,0,0,0,0,3,4,1,0,0,0,1,2,1,2,0,13
526,22,30,2,2,23,0,0,0,0,3,4,1,0,0,0,1,2,1,2,0,13
527,22,30,2,2,23,0,0,0,0,3,4,1,0,0,0,1,2,1,2,0,13
528,22,30,2,2,23,0,0,0,1,3,4,1,0,0,0,1,2,0,2,0,13
529,22,30,2,2,23,0,0,0,1,3,4,0,0,0,0,1,2,0,2,1,13
530,22,30,2,2,23,0,0,0,1,3,4,0,0,0,0,1,2,0,2,1,13
531,22,30,2,2,23,0,0,0,1,3,4,0,0,0,0,1,2,0,2,1,13
532,22,30,2,2,23,0,0,0,1,3,4,0,0,0,0,1,2,0,2,1,13
533,22,30,2,2,23,0,0,0,1,3,4,0,0,0,0,1,2,0,2,1,13
534,22,30,2,2,23,0,0,0,1,3,4,0,0,0,0,1,2,0,2,1,13
535,22,30,2,2,23,0,0,0,1,3,4,0,0,0,0,1,2,0,2,1,13
536,22,30,2,2,23,0,0,0,0,3,4,0,0,0,0,2,2,0,2,1,13
537,22,30,2,2,23,0,0,0,1,4,4,0,0,0,0,2,1,0,1,1,13
538,22,30,2,2,23,0,0,0,1,4,3,0,0,0,0,2,1,0,1,1,14
539,22,30,2,2,23,0,0,0,1,4,3,0,0,0,0,2,1,0,1,1,14
540,22,30,2,2,23,0,0,0,2,4,3,0,0,0,0,1,1,0,1,1,14
541,22,30,2,2,23,0,0,0,1,3,3,0,0,0,0,1,2,0,1,2,14
542,22,30,2,2,23,0,0,0,1,3,4,0,0,0,0,1,2,0,1,1,14
543,22,30,2,2,23,0,0,0,2,3,4,0,0,0,0,1,1,0,1,1,14
544,22,30,2,2,23,0,0,0,2,3,3,0,0,0,0,1,1,0,1,1,15
545,22,30,2,2,23,0,0,0,2,3,3,0,0,0,0,1,1,0,1,1,15
546,22,30,2,2,23,0,0,0,2,3,3,0,0,0,0,1,1,0,1,1,15
547,22,30,2,2,23,0,0,0,2,3,3,0,0,0,0,1,1,0,1,1,15
548,22,30,2,2,23,0,0,0,2,3,3,0,0,0,0,1,1,0,1,1,15
549,22,30,2,2,23,0,0,0,2,3,3,0,0,0,0,1,1,0,1,1,15
550,22,30,2,2,23,0,0,0,2,3,3,0,0,0,0,1,1,0,1,1,15
551,22,30,2,2,23,0,0,0,0,3,3,0,0,0,0,1,2,1,1,1,15
552,22,30,2,2,23,0,0,0,0,3,4,1,0,0,0,1,2,1,1,0,14
553,22,30,2,2,23,0,0,0,0,3,4,1,0,0,0,1,2,1,1,0,14
554,22,30,2,2,23,0,0,0,0,3,4,1,0,0,0,1,2,1,1,0,14
555,22,30,2,2,23,0,0,0,0,3,4,1,0,0,0,1,2,1,1,0,14
556,22,30,2,2,23,0,0,0,0,3,4,1,0,0,0,1,2,1,1,0,14
557,22,30,2,2,23,0,0,0,0,3,4,1,0,0,0,1,2,1,1,0,14
558,22,30,2,2,23,0,0,0,0,3,4,1,0,0,0,1,2,1,1,0,14
559,22,30,2,2,23,0,0,0,1,3,4,1,0,0,0,1,2,0,1,0,14
560,22,30,2,2,23,0,0,0,1,3,4,0,0,0,0,1,2,0,1,1,14
561,22,30,2,2,23,0,0,0,2,3,4,0,0,0,0,0,2,0,1,1,14
562,22,30,2,2,23,0,0,0,2,2,4,0,0,0,0,0,2,0,1,2,14
563,22,30,2,2,23,0,0,0,1,2,4,0,0,0,0,1,2,0,1,2,14
564,22,30,2,2,23,0,0,0,1,3,4,0,0,0,0,1,2,0,0,2,14
565,22,30,2,2,23,0,0,0,1,3,4,0,0,0,0,1,2,0,0,2,14
566,22,30,2,2,23,0,0,0,2,3,4,0,0,0,0,1,1,0,0,2,14
567,22,30,2,2,23,0,0,0,2,3,3,0,0,0,0,1,1,0,0,2,15
568,22,30,2,2,23,0,0,0,2,3,3,0,0,0,0,1,1,0,0,2,15
569,22,30,2,2,23,0,0,0,2,3,3,0,0,0,0,1,1,0,0,2,15
570,22,30,2,2,23,0,0,0,2,3,3,0,0,0,0,1,1,0,0,2,15
571,22,30,2,2,23,0,0,0,1,3,3,0,0,0,0,1,1,1,0,2,15
572,22,30,2,2,23,0,0,0,2,3,3,1,0,0,0,1,0,1,0,2,14
573,22,30,2,2,23,1,0,0,2,3,2,1,0,0,0,1,0,1,0,2,14
574,22,30,2,2,23,1,0,0,1,3,2,1,0,0,0,1,1,1,0,2,14
575,22,30,2,2,23,1,0,0,1,3,3,1,0,0,0,1,1,1,0,1,14
576,22,30,2,2,23,1,0,0,1,3,3,1,0,0,0,1,1,1,0,1,14
577,22,30,2,2,23,1,0,0,1,3,3,1,0,0,0,1,1,1,0,1,14
578,22,30,2,2,23,1,0,0,1,3,3,1,0,0,0,1,1,1,0,1,14
579,22,30,2,2,23,1,0,0,1,3,3,1,0,0,0,1,1,1,0,1,14
580,22,30,2,2,23,1,0,0,2,3,3,1,0,0,0,1,1,0,0,1,14
581,22,30,2,2,23,1,0,0,1,3,3,0,0,0,0,1,2,0,0,2,14
582,22,30,2,2,23,1,0,0,1,3,4,0,0,0,0,1,2,0,0,1,14
583,22,30,2,2,23,1,0,0,1,3,4,0,0,0,0,1,2,0,0,1,14
584,22,30,2,2,23,1,0,0,1,3,4,0,0,0,0,1,2,0,0,1,14
585,22,30,2,2,23,1,0,0,1,3,4,0,0,0,0,1,2,0,0,1,14
586,22,30,2,2,23,1,0,0,1,3,4,0,0,0,0,1,2,0,0,1,14
587,22,30,2,2,23,1,0,0,2,3,4,0,0,0,0,0,2,0,0,1,14
588,22,30,2,2,23,1,0,0,2,2,4,0,0,0,0,0,2,0,0,2,14
589,22,30,2,2,23,1,0,0,1,2,4,0,0,0,0,0,2,1,0,2,14
590,22,30,2,2,23,1,0,0,1,2,4,1,0,0,0,0,2,1,0,2,13
591,22,30,2,2,23,1,0,0,1,2,4,1,0,0,0,0,2,1,0,2,13
592,22,30,2,2,23,1,0,0,1,2,4,1,0,0,0,0,2,1,0,2,13
593,22,30,2,2,23,1,0,0,1,2,4,1,0,0,0,0,2,1,0,2,13
594,22,30,2,2,23,1,0,0,1,2,4,1,0,0,0,0,2,1,0,2,13
595,22,30,2,2,23,1,0,0,1,2,4,1,0,0,0,0,2,1,0,2,13
596,22,30,2,2,23,1,0,0,0,2,4,1,0,0,0,0,2,2,0,2,13
597,22,30,2,2,23,1,0,0,0,2,4,2,0,0,0,0,2,2,0,2,12
598,22,30,2,2,23,1,0,0,1,2,4,2,0,0,0,0,2,1,0,2,12
599,22,30,2,2,23,1,0,0,1,2,4,1,0,0,0,0,2,1,0,3,12
600,22,30,2,2,23,1,0,0,2,2,4,1,0,0,0,0,1,1,0,3,12
601,22,30,2,2,23,2,0,0,2,2,3,1,0,0,0,0,1,1,0,3,12
602,22,30,2,2,23,2,0,0,1,2,3,1,0,0,0,0,2,1,0,3,12
603,22,30,2,2,23,2,0,0,1,2,4,1,0,0,0,0,2,1,0,2,12
604,22,30,2,2,23,2,0,0,1,2,4,1,0,0,0,0,2,1,0,2,12
605,22,30,2,2,23,2,0,0,2,2,4,1,0,0,0,0,2,0,0,2,12
606,22,30,2,2,23,2,0,0,2,2,4,0,0,0,0,0,2,0,0,3,12
607,22,30,2,2,23,2,0,0,2,2,4,0,0,0,0,0,1,1,0,3,12
608,22,30,2,2,23,2,0,0,2,2,3,1,0,0,0,0,1,1,0,3,12
609,22,30,2,2,23,2,0,0,2,2,3,1,0,0,0,0,1,1,0,3,12
610,22,30,2,2,23,2,0,0,2,2,3,1,0,0,0,0,1,1,0,3,12
611,22,30,2,2,23,2,0,0,2,2,3,1,0,0,0,0,1,1,0,3,12
612,22,30,2,2,23,2,0,0,2,2,3,1,0,0,0,0,1,1,0,3,12
613,22,30,2,2,23,2,0,0,3,2,3,1,0,0,0,0,1,0,0,3,12
614,22,30,2,2,23,2,0,0,3,2,3,0,0,0,0,0,1,0,0,3,13
615,22,30,2,2,23,2,0,0,3,2,3,0,0,0,0,0,1,0,0,3,13
616,22,30,2,2,23,2,0,0,1,2,3,0,0,0,0,0,2,1,0,3,13
617,22,30,2,2,23,2,0,0,1,2,4,1,0,0,0,0,2,1,0,2,12
618,22,30,2,2,23,2,0,0,1,2,4,1,0,0,0,0,2,1,0,2,12
619,22,30,2,2,23,2,0,0,1,2,4,1,0,0,0,0,2,1,0,2,12
620,22,30,2,2,23,2,0,0,1,2,4,1,0,0,0,0,2,1,0,2,12
621,22,30,2,2,23,2,0,0,1,2,4,1,0,0,0,0,2,1,0,2,12
622,22,30,2,2,23,2,0,0,1,2,4,1,0,0,0,0,2,1,0,2,12
623,22,30,2,2,23,2,0,0,1,2,4,1,0,0,0,0,2,1,0,2,12
624,22,30,2,2,23,2,0,0,1,2,4,1,0,0,0,0,2,1,0,2,12
625,22,30,2,2,23,2,0,0,1,2,4,1,0,0,0,0,2,1,0,3,11
626,22,30,2,2,23,2,0,0,1,2,4,1,0,0,0,0,2,1,0,3,11
627,22,30,2,2,23,2,0,0,1,2,4,1,0,0,0,0,2,1,0,3,11
628,22,30,2,2,23,2,0,0,1,2,4,1,0,0,0,0,2,1,0,3,11
629,22,30,2,2,23,2,0,0,1,2,4,1,0,0,0,0,2,1,0,3,11
630,22,30,2,2,23,2,0,0,2,2,4,1,0,0,0,0,1,1,0,3,11
631,22,30,2,2,23,3,0,0,3,2,3,1,0,0,0,0,1,0,0,3,11
632,22,30,2,2,23,3,0,0,3,2,3,0,0,0,0,0,1,0,0,3,12
633,22,30,2,2,23,3,0,0,3,2,3,0,0,0,0,0,1,0,0,3,12
634,22,30,2,2,23,3,0,0,2,2,3,0,0,0,0,0,1,1,0,3,12
635,22,30,2,2,23,3,0,0,2,2,3,1,0,0,0,0,1,1,0,3,11
636,22,30,2,2,23,3,0,0,2,2,3,1,0,0,0,0,1,1,0,3,11
637,22,30,2,2,23,3,0,0,2,2,3,1,0,0,0,0,1,1,0,3,11
638,22,30,2,2,23,3,0,0,1,2,3,1,0,0,0,0,2,1,0,3,11
639,22,30,2,2,23,3,0,0,1,2,4,1,0,0,0,0,2,1,0,2,11
640,22,30,2,2,23,3,0,0,2,2,4,1,0,0,0,0,1,1,0,2,11
641,22,30,2,2,23,3,0,0,3,2,3,1,0,0,0,0,1,0,0,2,12
642,22,30,2,2,23,3,0,0,2,2,3,0,0,0,0,0,2,0,0,3,12
643,22,30,2,2,23,2,0,0,2,2,4,0,0,0,0,0,2,0,0,3,12
644,22,30,2,2,23,2,0,0,1,2,4,0,0,0,0,0,2,1,0,3,12
645,22,30,2,2,23,2,0,0,1,2,4,1,0,0,0,0,2,1,0,3,11
646,22,30,2,2,23,2,0,0,1,2,4,1,0,0,0,0,2,1,0,3,11
647,22,30,2,2,23,2,0,0,1,2,4,1,0,0,0,0,2,1,0,3,11
648,22,30,2,2,23,2,0,0,1,2,4,1,0,0,0,0,2,1,0,3,11
649,22,30,2,2,23,2,0,0,1,2,4,1,0,0,0,0,2,1,0,3,11
650,22,30,2,2,23,2,0,0,0,2,4,1,0,0,0,0,2,2,0,3,11
651,22,30,2,2,23,2,0,0,0,2,4,2,0,0,0,0,2,2,0,3,10
652,22,30,2,2,23,2,0,0,1,2,4,2,0,0,0,0,2,1,0,3,10
653,22,30,2,2,23,2,0,0,1,2,4,1,0,0,0,0,2,1,0,3,11
654,22,30,2,2,23,2,0,0,1,2,4,1,0,0,0,0,2,1,0,3,11
655,22,30,2,2,23,2,0,0,1,2,4,1,0,0,0,0,2,1,0,3,11
656,22,30,2,2,23,2,0,0,2,2,4,1,0,0,0,0,2,0,0,3,11
657,22,30,2,2,23,2,0,0,2,2,4,0,0,0,0,0,2,0,0,4,11
658,22,30,2,2,23,1,0,0,2,2,4,0,0,0,0,0,2,0,0,5,11
659,22,30,2,2,23,1,0,0,2,2,4,0,0,0,0,0,2,0,0,5,11
660,22,30,2,2,23,1,0,0,3,2,4,0,0,0,0,0,1,0,0,5,11
661,22,30,2,2,23,1,0,0,3,2,3,0,0,0,0,0,1,0,0,5,12
662,22,30,2,2,23,1,0,0,3,2,3,0,0,0,0,0,1,0,0,5,12
663,22,30,2,2,23,1,0,0,3,2,3,0,0,0,0,0,1,0,0,5,12
664,22,30,2,2,23,1,0,0,1,2,3,0,0,0,0,0,1,2,0,5,12
665,22,30,2,2,23,1,0,0,1,2,3,2,0,0,0,0,1,2,0,5,10
666,22,30,2,2,23,1,0,0,1,2,3,2,0,0,0,0,1,2,0,5,10
667,22,30,2,2,23,1,0,0,1,2,3,2,0,0,0,0,1,2,0,5,10
668,22,30,2,2,23,1,0,0,0,2,3,2,0,0,0,0,2,2,0,5,10
669,22,30,2,2,23,1,0,0,1,2,4,2,0,0,0,0,1,2,0,4,10
670,22,30,2,2,23,1,0,0,2,2,3,2,0,0,0,0,1,1,0,4,11
671,22,30,2,2,23,1,0,0,2,2,3,1,0,0,0,0,1,1,0,4,12
672,22,30,2,2,23,1,0,0,1,2,3,1,0,0,1,0,1,1,0,4,12
673,22,30,2,2,23,1,0,0,2,2,3,1,0,0,1,0,1,0,0,4,12
674,22,30,2,2,23,1,0,0,2,2,3,0,0,0,1,0,1,0,0,5,12
675,22,30,2,2,23,1,0,0,2,2,3,0,0,0,1,0,1,0,0,5,12
676,22,30,2,2,23,1,0,0,2,2,3,0,0,0,1,0,1,0,0,5,12
677,22,30,2,2,23,1,0,0,2,2,3,0,0,0,1,0,1,0,0,5,12
678,22,30,2,2,23,1,0,0,2,2,3,0,0,0,1,0,1,0,0,5,12
679,22,30,2,2,23,1,0,0,2,2,3,0,0,0,1,0,1,0,0,5,12
680,22,30,2,2,23,1,0,0,2,2,3,0,0,0,1,0,1,0,0,5,12
681,22,30,2,2,23,1,0,0,1,2,3,0,0,0,1,0,1,1,0,5,12
682,22,30,2,2,23,1,0,0,1,2,3,1,0,0,1,0,1,1,0,5,11
683,22,30,2,2,23,1,0,0,0,2,3,1,0,0,1,0,1,2,0,5,11
684,22,30,2,2,23,0,0,0,0,2,3,2,0,0,1,0,1,2,0,6,10
685,22,30,2,2,23,0,0,0,0,2,3,2,0,0,1,0,1,2,0,6,10
686,22,30,2,2,23,0,0,0,0,2,3,2,0,0,1,0,1,2,0,6,10
687,22,30,2,2,23,0,0,0,0,2,3,2,0,0,1,0,1,2,0,6,10
688,22,30,2,2,23,0,0,0,1,2,3,2,0,0,1,0,1,1,0,6,10
689,22,30,2,2,23,0,0,0,3,2,3,1,0,0,0,0,1,0,0,7,10
690,22,30,2,2,23,0,0,0,3,2,3,0,0,0,0,0,1,0,0,7,11
691,22,30,2,2,23,0,0,0,3,2,3,0,0,0,0,0,1,0,0,7,11
692,22,30,2,2,23,0,0,0,3,2,3,0,0,0,0,0,1,0,0,7,11
693,22,30,2,2,23,0,0,0,2,2,3,0,0,0,0,0,2,0,0,7,11
694,22,30,2,2,23,0,0,0,3,2,4,0,0,0,0,0,1,0,0,6,11
695,22,30,2,2,23,0,0,0,3,2,3,0,0,0,0,0,1,0,0,6,12
696,22,30,2,2,23,0,0,0,3,2,3,0,0,0,0,0,1,0,0,6,12
697,22,30,2,2,23,0,0,0,3,2,3,0,0,0,0,0,1,0,0,6,12
698,22,30,2,2,23,0,0,0,2,2,3,0,0,0,0,0,1,1,0,6,12
699,22,30,2,2,23,0,0,0,2,2,3,1,0,0,0,0,1,1,0,6,11
700,22,30,2,2,23,0,0,0,2,2,3,1,0,0,0,0,1,1,0,6,11
701,22,30,2,2,23,0,0,0,0,2,3,1,0,0,0,0,2,2,0,6,11
702,22,30,2,2,23,0,0,0,0,2,4,2,0,0,0,0,2,2,0,5,10
703,22,30,2,2,23,0,0,0,0,2,4,2,0,0,0,0,2,2,0,5,10
704,22,30,2,2,23,0,0,0,0,2,4,2,0,0,0,0,2,2,0,5,10
705,22,30,2,2,23,0,0,0,0,2,4,2,0,0,0,0,2,2,0,5,10
706,22,30,2,2,23,0,0,0,0,2,4,2,0,0,0,0,2,2,0,5,10
707,22,30,2,2,23,0,0,0,1,2,4,2,0,0,0,0,2,1,0,5,10
708,22,30,2,2,23,0,0,0,1,2,4,1,0,0,0,0,2,1,0,5,11
709,22,30,2,2,23,0,0,0,1,2,4,1,0,0,0,0,2,1,0,5,11
710,22,30,2,2,23,0,0,0,1,2,4,1,0,0,1,0,2,0,0,5,11
711,22,30,2,2,23,0,0,0,1,2,4,0,0,0,1,0,2,0,0,5,12
712,22,30,2,2,23,0,0,0,1,2,4,0,0,0,1,0,2,0,0,5,12
713,22,30,2,2,23,0,0,0,1,2,4,0,0,0,1,0,2,0,0,5,12
714,22,30,2,2,23,0,0,0,1,2,4,0,0,0,1,0,2,0,0,5,12
715,22,30,2,2,23,0,0,0,1,2,4,0,0,0,1,0,2,0,0,5,12
716,22,30,2,2,23,0,0,0,1,2,4,0,0,0,1,0,2,0,0,5,12
717,22,30,2,2,23,0,0,0,2,2,4,0,0,0,1,0,1,0,0,5,12
718,22,30,2,2,23,1,0,0,2,2,3,0,0,0,1,0,1,0,0,5,12
719,22,30,2,2,23,1,0,0,2,2,3,0,0,0,1,0,1,0,0,5,12
720,22,30,2,2,23,1,0,0,2,2,3,0,0,0,1,0,1,0,0,5,12
721,22,30,2,2,23,1,0,0,2,2,3,0,0,0,1,0,1,0,0,5,12
722,22,30,2,2,23,1,0,0,1,2,3,0,0,0,1,0,1,1,0,5,12
723,22,30,2,2,23,1,0,0,1,2,3,1,0,0,1,0,1,1,0,5,11
724,22,30,2,2,23,1,0,0,1,2,3,1,0,0,1,0,1,1,0,5,11
725,22,30,2,2,23,1,0,0,0,2,3,1,0,0,1,0,2,1,0,5,11
726,22,30,2,2,23,1,0,0,0,2,4,1,0,0,1,0,2,1,0,4,11
727,22,30,2,2,23,1,0,0,2,2,4,1,0,0,0,0,1,1,0,4,11
728,22,30,2,2,23,1,0,0,2,2,3,1,0,0,0,0,1,1,0,4,12
729,22,30,2,2,23,1,0,0,2,2,3,1,0,0,0,0,1,1,0,4,12
730,22,30,2,2,23,1,0,0,2,2,3,1,0,0,0,0,1,1,0,4,12
731,22,30,2,2,23,1,0,0,3,2,3,1,0,0,0,0,1,0,0,4,12
732,22,30,2,2,23,1,0,0,3,2,3,0,0,0,0,0,1,0,0,4,13
733,22,30,2,2,23,1,0,0,3,2,3,0,0,0,0,0,1,0,0,4,13
734,22,30,2,2,23,1,0,0,1,2,3,0,0,0,0,0,2,1,0,4,13
735,22,30,2,2,23,1,0,0,1,2,4,1,0,0,0,0,2,1,0,3,12
736,22,30,2,2,23,1,0,0,1,2,4,1,0,0,0,0,2,1,0,3,12
737,22,30,2,2,23,1,0,0,1,2,4,1,0,0,0,0,2,1,0,3,12
738,22,30,2,2,23,1,0,0,1,2,4,1,0,0,0,0,2,1,0,3,12
739,22,30,2,2,23,1,0,0,1,2,4,1,0,0,0,0,2,1,0,3,12
740,22,30,2,2,23,1,0,0,1,2,4,1,0,0,0,0,2,1,0,3,12
741,22,30,2,2,23,1,0,0,1,2,4,1,0,0,0,0,2,1,0,3,12
742,22,30,2,2,23,1,0,0,0,2,4,1,0,0,0,0,2,2,0,3,12
743,22,30,2,2,23,1,0,0,1,2,4,2,0,0,0,0,2,1,0,3,11
744,22,30,2,2,23,2,0,0,1,2,4,1,0,0,0,0,2,1,0,3,11
745,22,30,2,2,23,2,0,0,1,2,4,1,0,0,0,0,2,1,0,3,11
746,22,30,2,2,23,2,0,0,0,2,4,1,0,0,1,0,2,1,0,3,11
747,22,30,2,2,23,2,0,0,0,2,4,1,0,0,1,0,2,1,0,3,11
748,22,30,2,2,23,2,0,0,1,2,4,1,0,0,1,0,2,0,0,3,11
749,22,30,2,2,23,2,0,0,1,2,4,0,0,0,1,0,2,0,0,3,12
750,22,30,2,2,23,2,0,0,2,2,4,0,0,0,1,0,1,0,0,3,12
751,22,30,2,2,23,2,0,0,2,2,3,0,0,0,1,0,1,0,0,3,13
752,22,30,2,2,23,2,0,0,2,2,3,0,0,0,1,0,1,0,0,3,13
753,22,30,2,2,23,2,0,0,3,2,3,0,0,0,0,0,1,0,0,3,13
754,22,30,2,2,23,2,0,0,3,2,3,0,0,0,0,0,1,0,0,3,13
755,22,30,2,2,23,2,0,0,2,2,3,0,0,0,1,0,1,0,0,3,13
756,22,30,2,2,23,1,0,0,2,2,3,0,0,0,1,0,1,0,0,4,13
757,22,30,2,2,23,1,0,0,2,2,3,0,0,0,1,0,1,0,0,4,13
758,22,30,2,2,23,1,0,0,1,2,3,0,0,0,1,0,1,1,0,4,13
759,22,30,2,2,23,1,0,0,0,2,3,1,0,0,1,0,1,2,0,4,12
760,22,30,2,2,23,1,0,0,1,2,3,2,0,0,1,0,0,2,0,4,11
761,22,30,2,2,23,2,0,0,1,2,2,2,0,0,1,0,0,2,0,4,11
762,22,30,2,2,23,2,0,0,1,2,2,2,0,0,1,0,0,2,0,4,11
763,22,30,2,2,23,2,0,0,1,2,2,2,0,0,1,0,0,2,0,4,11
764,22,30,2,2,23,2,0,0,1,2,2,2,0,0,0,0,1,2,0,4,11
765,22,30,2,2,23,2,0,0,1,2,3,2,0,0,0,0,1,2,0,3,11
766,22,30,2,2,23,2,0,0,2,2,3,2,0,0,0,0,1,1,0,3,11
767,22,30,2,2,23,2,0,0,1,2,3,1,0,0,0,0,2,1,0,3,12
768,22,30,2,2,23,2,0,0,2,2,4,1,0,0,0,0,2,0,0,2,12
769,22,30,2,2,23,2,0,0,2,2,4,0,0,0,0,0,2,0,0,2,13
770,22,30,2,2,23,2,0,0,2,2,4,0,0,0,0,0,2,0,0,2,13
771,22,30,2,2,23,2,0,0,1,2,4,0,0,0,1,0,2,0,0,2,13
772,22,30,2,2,23,2,0,0,1,2,4,0,0,0,1,0,2,0,0,2,13
773,22,30,2,2,23,2,0,0,1,2,4,0,0,0,1,0,2,0,0,2,13
774,22,30,2,2,23,2,0,0,1,2,4,0,0,0,1,0,2,0,0,2,13
775,22,30,2,2,23,2,0,0,1,2,4,0,0,0,1,0,2,0,0,2,13
776,22,30,2,2,23,2,0,0,1,2,4,0,0,0,1,0,2,0,0,2,13
777,22,30,2,2,23,2,0,0,0,2,4,0,0,0,1,0,2,1,0,2,13
778,22,30,2,2,23,2,0,0,0,2,4,1,0,0,1,0,2,1,0,2,12
779,22,30,2,2,23,2,0,0,0,2,4,1,0,0,1,0,2,1,0,2,12
780,22,30,2,2,23,2,0,0,0,2,4,1,0,0,1,0,2,1,0,2,12
781,22,30,2,2,23,2,0,0,0,2,4,1,0,0,1,0,2,1,0,2,12
782,22,30,2,2,23,2,0,0,0,2,4,1,0,0,1,0,2,1,0,2,12
783,22,30,2,2,23,2,0,0,0,2,4,1,0,0,1,0,2,1,0,2,12
784,22,30,2,2,23,2,0,0,0,2,4,1,0,0,1,0,2,1,0,2,12
785,22,30,2,2,23,2,0,0,0,2,4,1,0,0,1,0,2,1,0,2,12
786,22,30,2,2,23,2,0,0,1,2,4,1,0,0,1,0,2,0,0,2,12
787,22,30,2,2,23,2,0,0,1,2,4,0,0,0,1,0,2,0,0,3,12
788,22,30,2,2,23,2,0,0,1,2,4,0,0,0,1,0,2,0,0,3,12
789,22,30,2,2,23,2,0,0,1,2,4,0,0,0,1,0,2,0,0,3,12
790,22,30,2,2,23,2,0,0,2,2,4,0,0,0,1,0,1,0,0,3,12
791,22,30,2,2,23,2,0,0,2,2,3,0,0,0,1,0,1,0,0,3,13
792,22,30,2,2,23,2,0,0,2,2,3,0,0,0,1,0,1,0,0,3,13
793,22,30,2,2,23,2,0,0,3,2,3,0,0,0,1,0,0,0,0,3,13
794,22,30,2,2,23,2,0,0,2,2,2,0,0,0,1,0,1,0,0,3,14
795,22,30,2,2,23,2,0,0,3,2,3,0,0,0,0,0,1,0,0,2,14
796,22,30,2,2,23,2,0,0,2,2,3,0,0,0,1,0,1,0,0,2,14
797,22,30,2,2,23,2,0,0,1,2,3,0,0,0,1,0,1,1,0,2,14
798,22,30,2,2,23,2,0,0,1,2,3,1,0,0,1,0,1,1,0,2,13
799,22,30,2,2,23,2,0,0,1,2,3,1,0,0,1,0,1,1,0,2,13
800,22,30,2,2,23,2,0,0,1,2,3,1,0,0,1,0,1,1,0,2,13
801,22,30,2,2,23,2,0,0,1,2,3,1,0,0,1,0,1,1,0,2,13
802,22,30,2,2,23,2,0,0,1,2,3,1,0,0,1,0,1,1,0,2,13
803,22,30,2,2,23,2,0,0,1,2,3,1,0,0,1,0,1,1,0,2,13
804,22,30,2,2,23,2,0,0,0,2,3,1,0,0,1,0,1,2,0,2,13
805,22,30,2,2,23,2,0,0,1,2,3,2,0,0,1,0,1,1,0,2,12
806,22,30,2,2,23,2,0,0,1,2,3,1,0,0,1,0,1,1,0,2,13
807,22,30,2,2,23,2,0,0,1,2,3,1,0,0,1,0,1,1,0,2,13
808,22,30,2,2,23,2,0,0,1,2,3,1,0,0,1,0,1,1,0,2,13
809,22,30,2,2,23,2,0,0,1,2,3,1,0,0,1,0,1,1,0,2,13
810,22,30,2,2,23,2,0,0,1,2,3,1,0,0,1,0,1,1,0,2,13
811,22,30,2,2,23,2,0,0,1,2,3,1,0,0,1,0,1,1,0,2,13
812,22,30,2,2,23,2,0,0,2,2,3,1,0,0,1,0,1,0,0,2,13
813,22,30,2,2,23,2,0,0,3,2,3,0,0,0,0,0,1,0,0,3,13
814,22,30,2,2,23,2,0,0,3,2,3,0,0,0,0,0,1,0,0,3,13
815,22,30,2,2,23,2,0,0,3,2,3,0,0,0,0,0,1,0,0,3,13
816,22,30,2,2,23,2,0,0,2,2,3,0,0,0,0,0,1,1,0,3,13
817,22,30,2,2,23,2,0,0,2,2,3,1,0,0,0,0,1,1,0,3,12
818,22,30,2,2,23,2,0,0,3,2,3,1,0,0,0,0,0,1,0,3,12
819,22,30,2,2,23,3,0,0,2,2,2,1,0,0,0,0,1,1,0,3,12
820,22,30,2,2,23,3,0,0,2,2,3,1,0,0,0,0,1,1,0,2,12
821,22,30,2,2,23,3,0,0,2,2,3,1,0,0,0,0,1,1,0,2,12
822,22,30,2,2,23,3,0,0,2,2,3,1,0,0,0,0,1,1,0,2,12
823,22,30,2,2,23,3,0,0,3,2,3,1,0,0,0,0,1,0,0,2,12
824,22,30,2,2,23,3,0,0,1,2,3,0,0,0,0,0,2,1,0,3,12
825,22,30,2,2,23,3,0,0,1,2,4,1,0,0,0,0,2,1,0,2,11
826,22,30,2,2,23,3,0,0,1,2,4,1,0,0,0,0,2,1,0,2,11
827,22,30,2,2,23,3,0,0,1,2,4,1,0,0,0,0,2,1,0,2,11
828,22,30,2,2,23,3,0,0,1,2,4,1,0,0,0,0,2,1,0,2,11
829,22,30,2,2,23,3,0,0,1,2,4,1,0,0,0,0,2,1,0,2,11
830,22,30,2,2,23,3,0,0,1,2,4,1,0,0,0,0,2,1,0,2,11
831,22,30,2,2,23,3,0,0,1,2,4,1,0,0,0,0,2,1,0,2,11
832,22,30,2,2,23,3,0,0,2,2,4,1,0,0,0,0,2,0,0,2,11
833,22,30,2,2,23,3,0,0,2,2,4,0,0,0,0,0,2,0,0,3,11
834,22,30,2,2,23,3,0,0,2,2,4,0,0,0,0,0,2,0,0,3,11
835,22,30,2,2,23,3,0,0,1,2,4,0,0,0,0,0,2,1,0,3,11
836,22,30,2,2,23,3,0,0,1,2,4,1,0,0,0,0,2,1,0,3,10
837,22,30,2,2,23,3,0,0,1,2,4,1,0,0,0,0,2,1,0,3,10
838,22,30,2,2,23,3,0,0,1,2,4,1,0,0,0,0,2,1,0,3,10
839,22,30,4,4,23,3,2,2,1,2,4,1,0,0,0,0,2,1,0,3,10
840,22,30,2,2,23,3,0,0,0,2,4,1,4,0,0,0,0,0,0,3,10
841,22,30,2,2,23,3,0,0,0,2,4,1,4,0,0,0,0,0,0,3,10
842,22,30,2,2,23,3,0,0,0,2,4,1,4,0,0,0,0,0,0,3,10
843,22,30,2,2,23,3,0,0,0,2,4,1,4,0,0,0,0,0,0,3,10
844,22,30,2,2,23,3,0,0,0,2,4,1,4,0,0,0,0,0,0,3,10
845,22,30,2,2,23,3,0,0,0,2,4,1,4,0,0,0,0,0,0,3,10
846,22,30,2,2,23,3,0,0,0,2,4,1,4,0,0,0,0,0,0,3,10
847,22,30,2,2,23,2,0,0,0,2,4,1,4,0,0,0,0,0,0,3,11
848,22,30,2,2,23,2,0,0,0,2,4,1,4,0,0,0,0,0,0,3,11
849,22,30,2,2,23,2,0,0,0,2,4,1,4,0,0,0,0,0,0,3,11
850,22,30,2,2,23,2,0,0,0,2,4,1,4,0,0,0,0,0,0,3,11
851,22,30,2,2,23,2,0,0,0,2,4,1,4,0,0,0,0,0,0,3,11
852,22,30,2,2,23,2,0,0,0,2,4,1,4,0,0,0,0,0,0,3,11
853,22,30,2,2,23,1,0,0,0,2,4,1,4,0,0,0,0,0,0,3,12
854,22,30,2,2,23,1,0,0,0,2,4,1,4,0,0,0,0,0,0,3,12
855,22,30,2,2,23,1,0,0,0,2,4,1,4,0,0,0,0,0,0,3,12
856,22,30,2,2,23,1,0,0,0,2,4,1,4,0,0,0,0,0,0,3,12
857,22,30,2,2,23,1,0,0,0,2,4,1,4,0,0,0,0,0,0,3,12
858,22,30,2,2,23,1,0,0,0,2,4,1,4,0,0,0,0,0,0,3,12
859,22,30,2,2,23,1,0,0,0,2,4,1,4,0,0,0,0,0,0,3,12
860,22,30,2,2,23,1,0,0,0,2,4,1,4,0,0,0,0,0,0,3,12
861,22,30,2,2,23,1,0,0,0,2,4,1,4,0,0,0,0,0,0,3,12
862,22,30,2,2,23,1,0,0,0,2,4,1,4,0,0,0,0,0,0,3,12
863,22,30,2,2,23,1,0,0,0,2,4,1,4,0,0,0,0,0,0,3,12
864,22,30,2,2,23,1,0,0,0,2,4,1,4,0,0,0,0,0,0,3,12
865,22,30,2,2,23,1,0,0,0,2,4,1,4,0,0,0,0,0,0,3,12
866,22,30,2,2,23,1,0,0,0,2,4,1,4,0,0,0,0,0,0,3,12
867,22,30,2,2,23,0,0,0,0,2,4,1,4,0,0,0,0,0,0,3,13
868,22,30,2,2,23,0,0,0,0,2,4,1,4,0,0,0,0,0,0,3,13
869,22,30,2,2,23,0,0,0,0,2,4,1,4,0,0,0,0,0,0,3,13
870,22,30,2,2,23,0,0,0,0,2,4,1,4,0,0,0,0,0,0,3,13
871,22,30,2,2,23,0,0,0,0,2,4,1,4,0,0,0,0,0,0,3,13
872,22,30,2,2,23,0,0,0,0,2,4,1,4,0,0,0,0,0,0,3,13
873,22,30,2,2,23,0,0,0,0,2,4,1,4,0,0,0,0,0,0,3,13
874,22,30,2,2,23,0,0,0,0,2,4,1,4,0,0,0,0,0,0,3,13
875,22,30,2,2,23,0,0,0,0,2,4,1,4,0,0,0,0,0,0,3,13
876,22,30,2,2,23,0,0,0,0,2,4,1,4,0,0,0,0,0,0,3,13
877,22,30,2,2,23,0,0,0,0,2,4,1,4,0,0,0,0,0,0,3,13
878,22,30,2,2,23,0,0,0,2,2,4,1,2,0,0,0,0,0,0,3,13
879,22,30,2,2,23,0,0,0,3,2,4,1,1,0,0,0,0,0,0,3,13
880,22,30,2,2,23,0,0,0,2,2,4,1,0,2,0,0,0,0,0,3,13
881,22,30,2,2,23,0,0,0,2,2,4,1,0,2,0,0,0,0,0,3,13
882,22,30,2,2,23,0,0,0,2,2,4,1,0,2,0,0,0,0,0,3,13
883,22,30,2,2,23,0,0,0,2,2,4,1,0,2,0,0,0,0,0,3,13
884,22,30,2,2,23,0,0,0,2,2,4,1,0,2,0,0,0,0,0,3,13
885,22,30,2,2,23,0,0,0,0,2,4,1,0,2,0,0,2,0,0,3,13
886,22,30,2,2,23,0,0,0,0,2,6,1,0,2,0,0,2,0,0,1,13
887,22,30,2,2,23,0,0,0,0,2,6,1,0,2,0,0,2,0,0,1,13
888,22,30,2,2,23,0,0,0,0,2,6,1,0,2,0,0,2,0,0,1,13
889,22,30,2,2,23,0,0,0,0,2,6,1,0,2,0,0,2,0,0,1,13
890,22,30,2,2,23,0,0,0,0,2,6,1,0,2,0,0,2,0,0,1,13
891,22,30,2,2,23,0,0,0,0,2,6,1,0,2,0,0,2,0,0,1,13
892,22,30,2,2,23,0,0,0,0,2,6,1,0,2,0,0,2,0,0,1,13
893,22,30,2,2,23,0,0,0,0,2,6,1,0,2,0,0,2,0,0,1,13
894,22,30,2,2,23,0,0,0,0,2,6,1,0,2,0,0,2,0,0,1,13
895,22,30,2,2,23,0,0,0,0,2,6,1,0,2,0,0,2,0,0,1,13
896,22,30,2,2,23,0,0,0,0,2,6,1,0,2,0,0,2,0,0,1,13
897,22,30,2,2,23,0,0,0,0,2,6,1,0,2,0,0,2,0,0,1,13
898,22,30,2,2,23,0,0,0,0,2,6,1,0,2,0,0,2,0,0,1,13
899,22,30,2,2,23,0,0,0,0,2,6,1,0,2,0,0,2,0,0,1,13
900,22,30,2,2,23,0,0,0,0,2,6,1,0,2,0,0,2,0,0,1,13
901,22,30,2,2,23,0,0,0,0,2,6,1,0,2,0,0,2,0,0,1,13
902,22,30,2,2,23,0,0,0,0,2,6,1,0,2,0,0,2,0,0,1,13
903,22,30,2,2,23,0,0,0,0,2,6,1,0,2,0,0,2,0,0,1,13
904,22,30,2,2,23,0,0,0,0,2,6,1,0,2,0,0,2,0,0,1,13
905,22,30,2,2,23,0,0,0,0,2,6,1,0,2,0,0,2,0,0,1,13
906,22,30,2,2,23,0,0,0,0,2,6,1,0,2,0,0,2,0,0,1,13
907,22,30,2,2,23,0,0,0,0,2,6,1,0,2,0,0,2,0,0,1,13
908,22,30,2,2,23,0,0,0,1,2,6,1,0,2,0,0,1,0,0,1,13
909,22,30,2,2,23,0,0,0,1,2,5,1,0,2,0,0,1,0,0,1,14
910,22,30,2,2,23,0,0,0,2,2,5,1,0,2,0,0,0,0,0,1,14
911,22,30,2,2,23,0,0,0,1,2,4,1,0,2,0,0,1,0,0,1,15
912,22,30,2,2,23,0,0,0,1,2,5,1,0,2,0,0,1,0,0,0,15
913,22,30,2,2,23,0,0,0,0,2,5,1,0,2,1,0,1,0,0,0,15
914,22,30,2,2,23,0,0,0,2,2,5,1,0,0,1,0,1,0,0,0,15
915,22,30,2,2,23,0,0,0,2,2,5,1,0,0,1,0,1,0,0,0,15
916,22,30,2,2,23,0,0,0,2,2,5,1,0,0,1,0,1,0,0,0,15
917,22,30,2,2,23,0,0,0,2,2,5,1,0,0,1,0,1,0,0,0,15
918,22,30,2,2,23,0,0,0,2,2,5,1,0,0,1,0,1,0,0,0,15
919,22,30,2,2,23,0,0,0,2,2,5,1,0,0,1,0,1,0,0,0,15
920,22,30,2,2,23,0,0,0,0,2,5,1,0,0,1,0,1,2,0,0,15
921,22,30,2,2,23,0,0,0,0,2,5,3,0,0,1,0,1,2,0,0,13
922,22,30,2,2,23,0,0,0,0,2,5,3,0,0,1,0,1,2,0,0,13
923,22,30,2,2,23,0,0,0,0,2,5,3,0,0,1,0,1,2,0,0,13
924,22,30,2,2,23,0,0,0,0,2,5,3,0,0,1,0,1,2,0,0,13
925,22,30,2,2,23,0,0,0,0,2,5,3,0,0,1,0,1,2,0,0,13
926,22,30,2,2,23,0,0,0,0,2,5,3,0,0,1,0,1,2,0,0,13
927,22,30,2,2,23,0,0,0,0,2,5,3,0,0,1,0,1,2,0,0,13
928,22,30,2,2,23,0,0,0,0,2,5,3,0,0,1,0,1,2,0,0,13
929,22,30,2,2,23,0,0,0,2,2,5,3,0,0,1,0,1,0,0,0,13
930,22,30,2,2,23,0,0,0,2,2,5,1,0,0,1,0,1,0,0,1,14
931,22,30,2,2,23,0,0,0,2,2,5,1,0,0,1,0,1,0,0,1,14
932,22,30,2,2,23,0,0,0,2,2,5,1,0,0,1,0,1,0,0,1,14
933,22,30,2,2,23,0,0,0,2,2,5,1,0,0,1,0,1,0,0,1,14
934,22,30,2,2,23,0,0,0,2,2,5,1,0,0,1,0,1,0,0,1,14
935,22,30,2,2,23,0,0,0,2,2,5,1,0,0,1,0,1,0,0,1,14
936,22,30,2,2,23,0,0,0,2,2,5,1,0,0,1,0,1,0,0,1,14
937,22,30,2,2,23,0,0,0,4,2,5,1,0,0,0,0,0,0,0,1,14
938,22,30,2,2,23,0,0,0,3,2,4,1,0,0,0,0,0,1,0,1,15
939,22,30,2,2,23,0,0,0,3,2,4,2,0,0,0,0,0,1,0,1,14
940,22,30,2,2,23,0,0,0,2,2,4,2,0,0,0,0,0,2,0,1,14
941,22,30,2,2,23,0,0,0,2,2,4,3,0,0,0,0,0,2,0,1,13
942,22,30,2,2,23,0,0,0,1,2,4,3,0,0,0,0,1,2,0,1,13
943,22,30,2,2,23,0,0,0,0,2,5,3,0,0,1,0,1,2,0,0,13
944,22,30,2,2,23,0,0,0,0,2,5,3,0,0,1,0,1,2,0,0,13
945,22,30,2,2,23,0,0,0,1,2,5,3,0,0,1,0,1,1,0,0,13
946,22,30,2,2,23,0,0,0,2,2,5,2,0,0,1,0,1,0,0,1,13
947,22,30,2,2,23,0,0,0,2,2,5,1,0,0,1,0,1,0,0,2,13
948,22,30,2,2,23,0,0,0,2,2,5,1,0,0,1,0,1,0,0,2,13
949,22,30,2,2,23,0,0,0,2,2,5,1,0,0,1,0,1,0,0,2,13
950,22,30,2,2,23,0,0,0,2,2,5,1,0,0,1,0,1,0,0,2,13
951,22,30,2,2,23,0,0,0,3,2,5,1,0,0,0,0,1,0,0,2,13
952,22,30,2,2,23,0,0,0,3,2,5,1,0,0,0,0,1,0,0,2,13
953,22,30,2,2,23,0,0,0,2,2,5,1,0,0,0,0,1,1,0,2,13
954,22,30,2,2,23,0,0,0,2,2,5,2,0,0,0,0,1,1,0,2,12
955,22,30,2,2,23,0,0,0,1,2,5,2,0,0,0,0,2,1,0,2,12
956,22,30,2,2,23,0,0,0,0,2,6,2,0,0,0,0,2,2,0,1,12
957,22,30,2,2,23,0,0,0,0,2,6,3,0,0,0,0,2,2,0,1,11
958,22,30,2,2,23,0,0,0,0,2,6,3,0,0,0,0,2,2,0,1,11
959,22,30,2,2,23,0,0,0,0,2,6,3,0,0,0,0,2,2,0,1,11
960,22,30,2,2,23,0,0,0,0,2,6,3,0,0,0,0,2,2,0,1,11
961,22,30,2,2,23,0,0,0,1,2,6,3,0,0,0,0,2,1,0,1,11
962,22,30,2,2,23,0,0,0,1,2,6,2,0,0,0,0,2,1,0,2,11
963,22,30,2,2,23,0,0,0,1,2,6,2,0,0,0,0,2,1,0,2,11
964,22,30,2,2,23,0,0,0,2,2,6,2,0,0,0,0,2,0,0,2,11
965,22,30,2,2,23,0,0,0,2,2,6,1,0,0,0,0,2,0,0,2,12
966,22,30,2,2,23,0,0,0,2,2,6,1,0,0,0,0,2,0,0,2,12
967,22,30,2,2,23,0,0,0,2,2,6,1,0,0,0,0,2,0,0,2,12
968,22,30,2,2,23,0,0,0,2,2,6,1,0,0,0,0,2,0,0,2,12
969,22,30,2,2,23,0,0,0,1,2,6,1,0,0,0,0,2,1,0,2,12
970,22,30,2,2,23,0,0,0,2,2,6,2,0,0,0,0,1,1,0,2,11
971,22,30,2,2,23,0,0,0,2,2,5,2,0,0,0,0,1,1,0,2,12
972,22,30,2,2,23,0,0,0,2,2,5,2,0,0,0,0,1,1,0,2,12
973,22,30,2,2,23,0,0,0,2,2,5,2,0,0,0,0,1,1,0,2,12
974,22,30,2,2,23,0,0,0,1,2,5,2,0,0,0,0,2,1,0,2,12
975,22,30,2,2,23,0,0,0,1,2,6,2,0,0,0,0,2,1,0,1,12
976,22,30,2,2,23,0,0,0,1,2,6,2,0,0,0,0,2,1,0,1,12
977,22,30,2,2,23,0,0,0,1,2,6,2,0,0,0,0,2,1,0,2,11
978,22,30,2,2,23,0,0,0,1,2,6,2,0,0,0,0,2,1,0,2,11
979,22,30,2,2,23,0,0,0,1,2,6,2,0,0,0,0,2,1,0,2,11
980,22,30,2,2,23,0,0,0,1,2,6,2,0,0,0,0,2,1,0,2,11
981,22,30,2,2,23,0,0,0,1,2,6,2,0,0,0,0,2,1,0,2,11
982,22,30,2,2,23,0,0,0,1,2,6,2,0,0,0,0,2,1,0,2,11
983,22,30,2,2,23,0,0,0,2,2,6,2,0,0,0,0,1,1,0,2,11
984,22,30,2,2,23,0,0,0,3,2,5,2,0,0,0,0,1,0,0,2,12
985,22,30,2,2,23,0,0,0,2,2,5,1,0,0,0,0,1,1,0,2,13
986,22,30,2,2,23,0,0,0,2,2,5,2,0,0,0,0,1,1,0,2,12
987,22,30,2,2,23,0,0,0,2,2,5,2,0,0,0,0,1,1,0,2,12
988,22,30,2,2,23,0,0,0,1,2,5,2,0,0,0,0,2,1,0,2,12
989,22,30,2,2,23,0,0,0,1,2,6,2,0,0,0,0,2,1,0,1,12
990,22,30,2,2,23,0,0,0,1,2,6,2,0,0,0,0,2,1,0,1,12
991,22,30,2,2,23,0,0,0,1,2,6,2,0,0,0,0,2,1,0,1,12
992,22,30,2,2,23,0,0,0,1,2,6,2,0,0,0,0,2,1,0,1,12
993,22,30,2,2,23,0,0,0,1,2,6,2,0,0,0,0,2,1,0,1,12
994,22,30,2,2,23,0,0,0,2,2,6,2,0,0,0,0,2,0,0,1,12
995,22,30,2,2,23,0,0,0,1,2,6,1,0,0,0,0,2,1,0,1,13
996,22,30,2,2,23,0,0,0,1,2,6,2,0,0,0,0,2,1,0,1,12
997,22,30,2,2,23,0,0,0,1,2,6,2,0,0,0,0,2,1,0,1,12
998,22,30,2,2,23,0,0,0,1,2,6,2,0,0,0,0,2,1,0,1,12
999,22,30,2,2,23,0,0,0,1,2,6,2,0,0,0,0,2,1,0,1,12
1000,22,30,2,2,23,0,0,0,2,2,6,2,0,0,0,0,1,1,0,1,12
1001,22,30,2,2,23,0,0,0,2,2,5,2,0,0,0,0,1,1,0,1,13
1002,22,30,2,2,23,0,0,0,2,2,5,2,0,0,0,0,1,1,0,1,13
1003,22,30,2,2,23,0,0,0,2,2,5,2,0,0,0,0,1,1,0,1,13
1004,22,30,2,2,23,0,0,0,2,2,5,2,0,0,1,0,1,0,0,1,13
1005,22,30,2,2,23,0,0,0,2,2,5,1,0,0,1,0,1,0,0,1,14
1006,22,30,2,2,23,0,0,0,1,2,5,1,0,0,1,0,1,1,0,1,14
1007,22,30,2,2,23,0,0,0,1,2,5,2,0,0,1,0,1,1,0,1,13
1008,22,30,2,2,23,0,0,0,1,2,5,2,0,0,1,0,1,1,0,1,13
1009,22,30,2,2,23,0,0,0,1,2,5,2,0,0,1,0,1,1,0,1,13
1010,22,30,2,2,23,0,0,0,1,2,5,2,0,0,1,0,1,1,0,1,13
1011,22,30,2,2,23,0,0,0,1,2,5,2,0,0,1,0,1,1,0,1,13
1012,22,30,2,2,23,0,0,0,2,2,5,2,0,0,1,0,0,1,0,1,13
1013,22,30,2,2,23,0,0,0,1,2,4,2,0,0,1,0,0,2,0,1,14
1014,22,30,2,2,23,0,0,0,1,2,4,3,0,0,1,0,0,2,0,1,13
1015,22,30,2,2,23,0,0,0,2,2,4,3,0,0,1,0,0,1,0,1,13
1016,22,30,2,2,23,0,0,0,2,2,4,2,0,0,1,0,0,1,0,2,13
1017,22,30,2,2,23,0,0,0,1,2,4,2,0,0,1,0,1,1,0,2,13
1018,22,30,2,2,23,0,0,0,1,2,5,2,0,0,1,0,1,1,0,1,13
1019,22,30,2,2,23,0,0,0,1,2,5,2,0,0,1,0,1,1,0,1,13
1020,22,30,2,2,23,0,0,0,1,2,5,2,0,0,1,0,1,1,0,1,13
1021,22,30,2,2,23,0,0,0,2,2,5,2,0,0,1,0,1,0,0,1,13
1022,22,30,2,2,23,0,0,0,2,2,5,1,0,0,1,0,1,0,0,1,14
1023,22,30,2,2,23,0,0,0,2,2,5,1,0,0,1,0,1,0,0,1,14
1024,22,30,2,2,23,0,0,0,2,2,5,1,0,0,1,0,1,0,0,1,14
1025,22,30,2,2,23,0,0,0,2,2,5,1,0,0,1,0,1,0,0,1,14
1026,22,30,2,2,23,0,0,0,2,2,5,1,0,0,1,0,1,0,0,1,14
1027,22,30,2,2,23,0,0,0,1,2,5,1,0,0,1,0,1,1,0,1,14
1028,22,30,2,2,23,0,0,0,1,2,5,2,0,0,1,0,1,1,0,1,13
1029,22,30,2,2,23,0,0,0,1,2,5,2,0,0,1,0,1,1,0,1,13
1030,22,30,2,2,23,0,0,0,1,2,5,2,0,0,1,0,1,1,0,1,13
1031,22,30,2,2,23,0,0,0,1,2,5,2,0,0,1,0,1,1,0,1,13
1032,22,30,2,2,23,0,0,0,0,2,5,2,0,0,1,0,1,2,0,1,13
1033,22,30,2,2,23,0,0,0,0,2,5,3,0,0,1,0,1,2,0,1,12
1034,22,30,2,2,23,0,0,0,1,2,5,3,0,0,1,0,1,1,0,1,12
1035,22,30,2,2,23,0,0,0,1,2,5,2,0,0,1,0,1,1,0,1,13
1036,22,30,2,2,23,0,0,0,1,2,5,2,0,0,1,0,1,1,0,1,13
1037,22,30,2,2,23,0,0,0,1,2,5,2,0,0,1,0,1,1,0,1,13
1038,22,30,2,2,23,0,0,0,1,2,5,2,0,0,1,0,1,1,0,1,13
1039,22,30,2,2,23,0,0,0,1,2,5,2,0,0,1,0,1,1,0,1,13
1040,22,30,2,2,23,0,0,0,2,2,5,2,0,0,1,0,0,1,0,1,13
1041,22,30,2,2,23,0,0,0,3,2,4,2,0,0,1,0,0,0,0,1,14
1042,22,30,2,2,23,0,0,0,3,2,4,1,0,0,1,0,0,0,0,1,15
1043,22,30,2,2,23,0,0,0,3,2,4,1,0,0,1,0,0,0,0,1,15
1044,22,30,2,2,23,0,0,0,2,2,4,1,0,0,1,0,0,1,0,1,15
1045,22,30,2,2,23,0,0,0,2,2,4,2,0,0,1,0,0,1,0,1,14
1046,22,30,2,2,23,0,0,0,2,2,4,2,0,0,1,0,0,1,0,1,14
1047,22,30,2,2,23,0,0,0,2,2,4,2,0,0,1,0,0,1,0,1,14
1048,22,30,2,2,23,0,0,0,1,2,4,2,0,0,1,0,1,1,0,1,14
1049,22,30,2,2,23,0,0,0,1,2,5,2,0,0,1,0,1,1,0,0,14
1050,22,30,2,2,23,0,0,0,1,2,5,2,0,0,1,0,1,1,0,0,14
1051,22,30,2,2,23,0,0,0,2,2,5,2,0,0,1,0,1,0,0,0,14
1052,22,30,2,2,23,1,0,0,2,2,5,1,0,0,1,0,1,0,0,0,14
1053,22,30,2,2,23,1,0,0,1,2,5,1,0,0,1,0,1,1,0,0,14
1054,22,30,2,2,23,1,0,0,1,2,5,2,0,0,1,0,1,1,0,0,13
1055,22,30,2,2,23,1,0,0,1,2,5,2,0,0,1,0,1,1,0,0,13
1056,22,30,2,2,23,1,0,0,1,2,5,2,0,0,1,0,1,1,0,0,13
1057,22,30,2,2,23,1,0,0,1,2,5,2,0,0,1,0,1,1,0,0,13
1058,22,30,2,2,23,1,0,0,1,2,5,2,0,0,1,0,1,1,0,0,13
1059,22,30,2,2,23,1,0,0,1,2,5,2,0,0,1,0,1,1,0,0,13
1060,22,30,2,2,23,1,0,0,2,2,5,2,0,0,1,0,1,0,0,0,13
1061,22,30,2,2,23,1,0,0,1,2,5,1,0,0,1,0,1,1,0,0,14
1062,22,30,2,2,23,1,0,0,1,2,5,2,0,0,1,0,1,1,0,0,13
1063,22,30,2,2,23,1,0,0,1,2,5,2,0,0,1,0,1,1,0,0,13
1064,22,30,2,2,23,1,0,0,1,2,5,2,0,0,1,0,1,1,0,0,13
1065,22,30,2,2,23,1,0,1,1,2,5,2,0,0,0,0,1,1,0,0,13
1066,22,30,2,2,23,1,0,1,1,2,5,2,0,0,0,0,1,1,0,0,13
1067,22,30,2,2,23,1,0,1,1,2,5,2,0,0,0,0,1,1,0,0,13
1068,22,30,2,2,23,1,0,1,1,2,5,2,0,0,0,0,1,1,0,0,13
1069,22,30,2,2,23,1,0,1,1,2,5,2,0,0,0,0,1,1,0,0,13
1070,22,30,2,2,23,1,0,1,2,2,5,2,0,0,0,0,1,0,0,0,13
1071,22,30,2,2,23,1,0,1,2,2,5,1,0,0,0,0,1,0,0,1,13
1072,22,30,2,2,23,1,0,1,2,2,5,1,0,0,0,0,1,0,0,1,13
1073,22,30,2,2,23,1,0,1,1,2,5,1,0,0,0,0,1,1,0,1,13
1074,22,30,2,2,23,1,0,1,2,2,5,2,0,0,0,0,0,1,0,1,12
1075,22,30,2,2,23,1,0,1,2,2,4,2,0,0,0,0,0,1,0,1,13
1076,22,30,2,2,23,1,0,1,2,2,4,2,0,0,0,0,0,1,0,1,13
1077,22,30,2,2,23,1,0,1,2,2,4,2,0,0,0,0,0,1,0,1,13
1078,22,30,2,2,23,1,0,1,2,2,4,2,0,0,0,0,0,1,0,1,13
1079,22,30,2,2,23,1,0,1,1,2,4,2,0,0,0,0,1,1,0,1,13
1080,22,30,2,2,23,1,0,1,1,2,5,2,0,0,0,0,1,1,0,0,13
1081,22,30,2,2,23,1,0,1,1,2,5,2,0,0,0,0,1,1,0,0,13
1082,22,30,2,2,23,1,0,0,2,2,5,2,0,0,0,0,1,1,0,1,12
1083,22,30,2,2,23,1,0,0,2,2,5,2,0,0,0,0,1,1,0,1,12
1084,22,30,2,2,23,1,0,0,2,2,5,2,0,0,0,0,1,1,0,1,12
1085,22,30,2,2,23,1,0,0,2,2,5,2,0,0,0,0,1,1,0,1,12
1086,22,30,2,2,23,1,0,0,2,2,5,2,0,0,0,0,1,1,0,1,12
1087,22,30,2,2,23,0,0,0,2,2,5,2,0,0,0,0,1,1,0,1,13
1088,22,30,2,2,23,0,0,0,1,2,5,2,0,0,0,0,2,1,0,1,13
1089,22,30,2,2,23,0,0,0,2,2,6,2,0,0,0,0,2,0,0,0,13
1090,22,30,2,2,23,0,0,0,2,2,6,1,0,0,0,0,2,0,0,0,14
1091,22,30,2,2,23,0,0,0,2,2,6,1,0,0,0,0,2,0,0,0,14
1092,22,30,2,2,23,0,0,0,1,2,6,1,0,0,1,0,2,0,0,0,14
1093,22,30,2,2,23,0,0,0,0,2,6,1,0,0,1,0,2,1,0,0,14
1094,22,30,2,2,23,0,0,0,0,2,6,2,0,0,1,0,2,1,0,0,13
1095,22,30,2,2,23,0,0,0,0,2,6,2,0,0,1,0,2,1,0,0,13
1096,22,30,2,2,23,0,0,0,0,2,6,2,0,0,1,0,2,1,0,0,13
1097,22,30,2,2,23,0,0,0,0,2,6,2,0,0,1,0,2,1,0,0,13
1098,22,30,2,2,23,0,0,0,0,2,6,2,0,0,1,0,2,1,0,0,13
1099,22,30,2,2,23,0,0,0,1,2,6,2,0,0,1,0,2,0,0,0,13
1100,22,30,2,2,23,0,0,0,1,2,6,1,0,0,1,0,2,0,0,0,14
1101,22,30,2,2,23,0,0,0,2,2,6,1,0,0,0,0,2,0,0,0,14
1102,22,30,2,2,23,0,0,0,2,2,6,1,0,0,0,0,2,0,0,0,14
1103,22,30,2,2,23,0,0,0,2,2,6,1,0,0,0,0,2,0,0,0,14
1104,22,30,2,2,23,0,0,0,3,2,6,1,0,0,0,0,1,0,0,0,14
1105,22,30,2,2,23,0,0,0,3,2,5,1,0,0,0,0,1,0,0,0,15
1106,22,30,2,2,23,0,0,0,3,2,5,1,0,0,0,0,1,0,0,0,15
1107,22,30,2,2,23,0,0,0,2,2,5,1,0,0,0,0,1,1,0,0,15
1108,22,30,2,2,23,0,0,0,2,2,5,2,0,0,0,0,1,1,0,0,14
1109,22,30,2,2,23,0,0,0,3,2,5,2,0,0,0,0,0,1,0,0,14
1110,22,30,2,2,23,0,0,0,1,2,4,2,0,0,1,0,0,2,0,0,15
1111,22,30,2,2,23,0,0,0,1,2,4,3,0,0,1,0,0,2,0,0,14
1112,22,30,2,2,23,0,0,0,1,2,4,3,0,0,1,0,0,2,0,0,14
1113,22,30,2,2,23,0,0,0,2,2,4,3,0,0,1,0,0,1,0,0,14
1114,22,30,2,2,23,0,0,0,2,2,4,2,0,0,1,0,0,1,0,0,15
1115,22,30,2,2,23,0,0,0,1,2,4,2,0,0,2,0,0,1,0,0,15
1116,22,30,2,2,23,0,0,0,1,2,4,2,0,0,2,0,0,1,0,0,15
1117,22,30,2,2,23,0,0,0,2,2,4,2,0,0,2,0,0,0,0,0,15
1118,22,30,2,2,23,0,0,0,2,2,4,1,0,0,2,0,0,0,0,0,16
1119,22,30,2,2,23,0,0,0,2,2,4,1,0,0,2,0,0,0,0,0,16
1120,22,30,2,2,23,0,0,0,2,2,4,1,0,0,2,0,0,0,0,0,16
1121,22,30,2,2,23,0,0,0,2,2,4,1,0,0,2,0,0,0,0,0,16
1122,22,30,2,2,23,0,0,0,1,2,4,1,0,0,3,0,0,0,0,0,16
1123,22,30,2,2,23,0,0,0,0,2,4,1,0,0,3,0,0,1,0,0,16
1124,22,30,2,2,23,0,0,0,0,2,4,2,0,0,3,0,0,1,0,0,15
1125,22,30,2,2,23,0,0,1,0,2,4,2,0,0,2,0,0,1,0,0,15
1126,22,30,2,2,23,0,0,1,0,2,4,2,0,0,2,0,0,1,0,0,15
1127,22,30,2,2,23,0,0,1,0,2,4,2,0,0,2,0,0,1,0,0,15
1128,22,30,2,2,23,0,0,1,0,2,4,2,0,0,2,0,0,1,0,0,15
1129,22,30,2,2,23,0,0,1,0,2,4,2,0,0,2,0,0,1,0,0,15
1130,22,30,2,2,23,0,0,1,1,2,4,2,0,0,2,0,0,0,0,0,15
1131,22,30,2,2,23,0,0,1,1,2,4,1,0,0,2,0,0,0,0,1,15
1132,22,30,2,2,23,0,0,1,2,2,4,1,0,0,1,0,0,0,0,1,15
1133,22,30,2,2,23,0,0,1,3,2,4,1,0,0,0,0,0,0,0,1,15
1134,22,30,2,2,23,0,0,1,3,2,4,1,0,0,0,0,0,0,0,1,15
1135,22,30,2,2,23,0,0,1,3,2,4,1,0,0,0,0,0,0,0,1,15
1136,22,30,2,2,23,0,0,1,3,2,4,1,0,0,0,0,0,0,0,1,15
1137,22,30,2,2,23,0,0,1,3,2,4,1,0,0,0,0,0,0,0,1,15
1138,22,30,2,2,23,0,0,1,3,2,4,1,0,0,0,0,0,0,0,1,15
1139,22,30,2,2,23,0,0,1,0,2,4,1,0,0,0,0,1,2,0,1,15
1140,22,30,2,2,23,0,0,1,0,2,5,3,0,0,0,0,1,2,0,0,13
1141,22,30,2,2,23,0,0,1,0,2,5,3,0,0,0,0,1,2,0,0,13
1142,22,30,2,2,23,0,0,1,0,2,5,3,0,0,0,0,1,2,0,0,13
1143,22,30,2,2,23,0,0,1,0,2,5,3,0,0,0,0,1,2,0,0,13
1144,22,30,2,2,23,0,0,1,0,2,5,3,0,0,0,0,1,2,0,0,13
1145,22,30,2,2,23,0,0,1,0,2,5,3,0,0,0,0,1,2,0,0,13
1146,22,30,2,2,23,0,0,1,1,2,5,3,0,0,0,0,1,1,0,0,13
1147,22,30,2,2,23,0,0,1,1,2,5,2,0,0,0,0,1,1,0,0,14
1148,22,30,2,2,23,0,0,1,2,2,5,2,0,0,0,0,1,0,0,0,14
1149,22,30,2,2,23,0,0,1,2,2,5,1,0,0,0,0,1,0,0,0,15
1150,22,30,2,2,23,0,0,1,2,2,5,1,0,0,0,0,1,0,0,0,15
1151,22,30,2,2,23,0,0,1,2,2,5,1,0,0,0,0,1,0,0,0,15
1152,22,30,2,2,23,0,0,1,2,2,5,1,0,0,0,0,1,0,0,0,15
1153,22,30,2,2,23,0,0,1,2,2,5,1,0,0,0,0,1,0,0,0,15
1154,22,30,2,2,23,0,0,1,2,2,5,1,0,0,0,0,1,0,0,0,15
1155,22,30,2,2,23,0,0,1,1,2,5,1,0,0,0,0,1,1,0,0,15
1156,22,30,2,2,23,0,0,1,0,2,5,2,0,0,0,0,1,2,0,0,14
1157,22,30,2,2,23,0,0,1,0,2,5,3,0,0,0,0,1,2,0,0,13
1158,22,30,2,2,23,0,0,1,0,2,5,3,0,0,0,0,1,2,0,0,13
1159,22,30,2,2,23,0,0,1,0,2,5,3,0,0,0,0,1,2,0,0,13
1160,22,30,2,2,23,0,0,1,0,2,5,3,0,0,0,0,1,2,0,0,13
1161,22,30,2,2,23,0,0,1,0,2,5,3,0,0,0,0,1,2,0,0,13
1162,22,30,2,2,23,0,0,1,0,2,5,3,0,0,0,0,1,2,0,0,13
1163,22,30,2,2,23,0,0,1,0,2,5,3,0,0,0,0,1,2,0,0,13
1164,22,30,2,2,23,0,0,1,1,2,5,3,0,0,0,0,1,1,0,0,13
1165,22,30,2,2,23,0,0,1,3,2,5,2,0,0,0,0,0,0,0,0,14
1166,22,30,2,2,23,0,0,0,4,2,4,1,0,0,0,0,0,0,0,1,15
1167,22,30,2,2,23,0,0,0,4,2,4,1,0,0,0,0,0,0,0,1,15
1168,22,30,2,2,23,0,0,0,4,2,4,1,0,0,0,0,0,0,0,1,15
1169,22,30,2,2,23,0,0,0,4,2,4,1,0,0,0,0,0,0,0,1,15
1170,22,30,2,2,23,0,0,0,3,2,4,1,0,0,0,0,1,0,0,1,15
1171,22,30,2,2,23,0,0,0,2,2,5,1,0,0,1,0,1,0,0,0,15
1172,22,30,2,2,23,0,0,0,2,2,5,1,0,0,1,0,1,0,0,0,15
1173,22,30,2,2,23,0,0,0,1,2,5,1,0,0,1,0,1,1,0,0,15
1174,22,30,2,2,23,0,0,0,0,2,5,2,0,0,1,0,1,2,0,0,14
1175,22,30,2,2,23,0,0,0,0,2,5,3,0,0,1,0,1,2,0,0,13
1176,22,30,2,2,23,0,0,0,0,2,5,3,0,0,1,0,1,2,0,0,13
1177,22,30,2,2,23,0,0,0,0,2,5,3,0,0,1,0,1,2,0,0,13
1178,22,30,2,2,23,0,0,0,0,2,5,3,0,0,1,0,1,2,0,0,13
1179,22,30,2,2,23,0,0,0,0,2,5,3,0,0,1,0,1,2,0,0,13
1180,22,30,2,2,23,0,0,0,1,2,5,3,0,0,1,0,1,1,0,0,13
1181,22,30,2,2,23,1,0,0,1,2,5,2,0,0,1,0,1,1,0,0,13
1182,22,30,2,2,23,1,0,0,2,2,5,2,0,0,1,0,1,0,0,0,13
1183,22,30,2,2,23,1,0,0,2,2,5,1,0,0,1,0,1,0,0,1,13
1184,22,30,2,2,23,1,0,0,2,2,5,1,0,0,1,0,1,0,0,1,13
1185,22,30,2,2,23,1,0,0,2,2,5,1,0,0,1,0,1,0,0,1,13
1186,22,30,2,2,23,1,0,0,2,2,5,1,0,0,1,0,1,0,0,1,13
1187,22,30,2,2,23,1,0,0,2,2,5,1,0,0,1,0,1,0,0,1,13
1188,22,30,2,2,23,1,0,0,1,2,5,1,0,0,1,0,1,1,0,1,13
1189,22,30,2,2,23,1,0,0,1,2,5,2,0,0,1,0,1,1,0,1,12
1190,22,30,2,2,23,1,0,0,1,2,5,2,0,0,1,0,1,1,0,1,12
1191,22,30,2,2,23,1,0,0,1,2,5,2,0,0,1,0,1,1,0,1,12
1192,22,30,2,2,23,1,0,0,1,2,5,2,0,0,1,0,1,1,0,1,12
1193,22,30,2,2,23,1,0,0,0,2,5,2,0,0,1,0,1,2,0,1,12
1194,22,30,2,2,23,1,0,0,0,2,5,3,0,0,1,0,1,2,0,1,11
1195,22,30,2,2,23,0,0,0,1,2,5,3,0,0,1,0,0,2,0,2,11
1196,22,30,2,2,23,0,0,0,2,2,4,3,0,0,1,0,0,1,0,2,12
1197,22,30,2,2,23,0,0,0,2,2,4,2,0,0,1,0,0,1,0,3,12
1198,22,30,2,2,23,0,0,0,2,2,4,2,0,0,1,0,0,1,0,3,12
1199,22,30,2,2,23,0,0,0,2,2,4,2,0,0,1,0,0,1,0,3,12
1200,22,30,2,2,23,0,0,0,2,2,4,2,0,0,1,0,0,1,0,3,12
1201,22,30,2,2,23,0,0,0,3,2,4,2,0,0,0,0,0,1,0,3,12
1202,22,30,2,2,23,0,0,0,3,2,4,2,0,0,0,0,1,0,0,3,12
1203,22,30,2,2,23,0,0,0,3,2,5,1,0,0,0,0,1,0,0,2,13
1204,22,30,2,2,23,0,0,0,3,2,5,1,0,0,0,0,1,0,0,2,13
1205,22,30,2,2,23,0,0,0,2,2,5,1,0,0,0,0,2,0,0,2,13
1206,22,30,2,2,23,0,0,0,2,2,6,1,0,0,0,0,2,0,0,1,13
1207,22,30,2,2,23,0,0,0,1,2,6,1,0,0,0,0,2,1,0,1,13
1208,22,30,2,2,23,0,0,0,1,2,6,2,0,0,0,0,2,1,0,1,12
1209,22,30,2,2,23,0,0,0,1,2,6,2,0,0,0,0,2,1,0,1,12
1210,22,30,2,2,23,0,0,0,1,2,6,2,0,0,0,0,2,1,0,1,12
1211,22,30,2,2,23,0,0,0,1,2,6,2,0,0,0,0,2,1,0,1,12
1212,22,30,2,2,23,0,0,0,1,2,6,2,0,0,0,0,2,1,0,1,12
1213,22,30,2,2,23,0,0,0,0,2,6,2,0,0,0,0,2,2,0,1,12
1214,22,30,2,2,23,0,0,0,0,2,6,3,0,0,0,0,2,2,0,1,11
1215,22,30,2,2,23,0,0,0,0,2,6,3,0,0,0,0,2,2,0,1,11
1216,22,30,2,2,23,0,0,0,1,2,6,3,0,0,0,0,2,1,0,1,11
1217,22,30,2,2,23,0,0,0,1,2,6,2,0,0,0,0,2,1,0,1,12
1218,22,30,2,2,23,0,0,0,1,2,6,2,0,0,0,0,2,1,0,1,12
1219,22,30,2,2,23,0,0,0,2,2,6,2,0,0,0,0,2,0,0,1,12
1220,22,30,2,2,23,0,0,0,2,2,6,1,0,0,0,0,2,0,0,2,12
1221,22,30,2,2,23,0,0,0,2,2,6,1,0,0,0,0,2,0,0,2,12
1222,22,30,2,2,23,0,0,0,2,2,6,1,0,0,0,0,2,0,0,2,12
1223,22,30,2,2,23,0,0,0,2,2,6,1,0,0,0,0,2,0,0,2,12
1224,22,30,2,2,23,0,0,0,2,2,6,1,0,0,0,0,2,0,0,2,12
1225,22,30,2,2,23,0,0,0,2,2,6,1,0,0,0,0,2,0,0,2,12
1226,22,30,2,2,23,0,0,0,1,2,6,1,0,0,0,0,2,1,0,2,12
1227,22,30,2,2,23,0,0,0,1,2,6,2,0,0,0,0,2,1,0,2,11
1228,22,30,2,2,23,0,0,0,1,2,6,2,0,0,0,0,2,1,0,2,11
1229,22,30,2,2,23,0,0,0,1,2,6,2,0,0,0,0,2,1,0,2,11
1230,22,30,2,2,23,0,0,0,2,2,6,2,0,0,0,0,1,1,0,2,11
1231,22,30,2,2,23,0,0,0,2,2,5,2,0,0,0,0,0,2,0,2,12
1232,22,30,2,2,23,0,0,0,3,2,4,3,0,0,0,0,0,1,0,2,12
1233,22,30,2,2,23,0,0,0,3,2,4,2,0,0,0,0,0,1,0,3,12
1234,22,30,2,2,23,0,0,0,2,2,4,2,0,0,0,0,1,1,0,3,12
1235,22,30,2,2,23,0,0,0,1,2,5,2,0,0,0,0,2,1,0,2,12
1236,22,30,2,2,23,0,0,0,1,2,6,2,0,0,0,0,2,1,0,1,12
1237,22,30,2,2,23,0,0,0,1,2,6,2,0,0,0,0,2,1,0,1,12
1238,22,30,2,2,23,0,0,0,1,2,6,2,0,0,0,0,2,1,0,1,12
1239,22,30,2,2,23,0,0,0,1,2,6,2,0,0,0,0,2,1,0,1,12
1240,22,30,2,2,23,0,0,0,1,2,6,2,0,0,0,0,2,1,0,1,12
1241,22,30,2,2,23,0,0,0,1,2,6,2,0,0,0,0,2,1,0,1,12
1242,22,30,2,2,23,0,0,0,1,2,6,2,0,0,0,0,2,1,0,1,12
1243,22,30,2,2,23,0,0,0,1,2,6,2,0,0,0,0,2,1,0,1,12
1244,22,30,2,2,23,0,0,0,1,2,6,2,0,0,0,0,2,1,0,1,12
1245,22,30,2,2,23,0,0,0,1,2,6,2,0,0,0,0,2,1,0,1,12
1246,22,30,2,2,23,0,0,0,2,2,6,2,0,0,0,0,2,0,0,1,12
1247,22,30,2,2,23,0,0,0,2,2,6,1,0,0,0,0,2,0,0,2,12
1248,22,30,2,2,23,0,0,0,2,2,6,1,0,0,0,0,2,0,0,2,12
1249,22,30,2,2,23,0,0,0,2,2,6,1,0,0,0,0,2,0,0,2,12
1250,22,30,2,2,23,0,0,0,1,2,6,1,0,0,1,0,2,0,0,2,12
1251,22,30,2,2,23,0,0,0,1,2,6,1,0,0,1,0,2,0,0,2,12
1252,22,30,2,2,23,0,0,0,0,2,6,1,0,0,1,0,2,1,0,2,12
1253,22,30,2,2,23,0,0,0,0,2,6,2,0,0,1,0,2,1,0,2,11
1254,22,30,2,2,23,0,0,0,0,2,6,2,0,0,1,0,2,1,0,2,11
1255,22,30,2,2,23,0,0,0,0,2,6,2,0,0,1,0,2,1,0,2,11
1256,22,30,2,2,23,0,0,0,0,2,6,2,0,0,1,0,2,1,0,2,11
1257,22,30,2,2,23,0,0,0,0,2,6,2,0,0,1,0,2,1,0,2,11
1258,22,30,2,2,23,0,0,0,0,2,6,2,0,0,1,0,2,1,0,2,11
1259,22,30,4,4,23,0,2,2,2,2,6,2,0,0,0,0,2,0,0,2,11
