,empty,ocupied,doctor,nurse,patient,resting,idle_nurse,idle_doctor,walking,in-admission,in-evaluation,in-medication,leaving,in-meeting,taking-inventory,documenting,admitting,evaluating,medicating,waiting-admission,waiting-evaluation,waiting-medication
0,0,0,2,2,0,0,2,2,0,0,0,0,0,0,0,0,0,0,0,0,0,0
1,52,0,2,2,0,0,0,0,0,0,0,0,0,4,0,0,0,0,0,0,0,0
2,52,0,2,2,0,0,0,0,0,0,0,0,0,4,0,0,0,0,0,0,0,0
3,52,0,2,2,0,0,0,0,0,0,0,0,0,4,0,0,0,0,0,0,0,0
4,52,0,2,2,0,0,0,0,0,0,0,0,0,4,0,0,0,0,0,0,0,0
5,52,0,2,2,0,0,0,0,0,0,0,0,0,4,0,0,0,0,0,0,0,0
6,52,0,2,2,0,0,0,0,0,0,0,0,0,4,0,0,0,0,0,0,0,0
7,52,0,2,2,0,0,0,0,0,0,0,0,0,4,0,0,0,0,0,0,0,0
8,52,0,2,2,0,0,0,0,0,0,0,0,0,4,0,0,0,0,0,0,0,0
9,52,0,2,2,0,0,0,0,0,0,0,0,0,4,0,0,0,0,0,0,0,0
10,52,0,2,2,0,0,0,0,0,0,0,0,0,4,0,0,0,0,0,0,0,0
11,52,0,2,2,0,0,0,0,0,0,0,0,0,4,0,0,0,0,0,0,0,0
12,52,0,2,2,0,0,0,0,0,0,0,0,0,4,0,0,0,0,0,0,0,0
13,52,0,2,2,0,0,0,0,0,0,0,0,0,4,0,0,0,0,0,0,0,0
14,52,0,2,2,0,0,0,0,0,0,0,0,0,4,0,0,0,0,0,0,0,0
15,52,0,2,2,0,0,0,0,0,0,0,0,0,4,0,0,0,0,0,0,0,0
16,52,0,2,2,0,0,0,0,0,0,0,0,0,4,0,0,0,0,0,0,0,0
17,52,0,2,2,0,0,0,0,0,0,0,0,0,4,0,0,0,0,0,0,0,0
18,52,0,2,2,0,0,0,0,0,0,0,0,0,4,0,0,0,0,0,0,0,0
19,52,0,2,2,0,0,0,0,0,0,0,0,0,4,0,0,0,0,0,0,0,0
20,52,0,2,2,0,0,0,0,0,0,0,0,0,4,0,0,0,0,0,0,0,0
21,52,0,2,2,0,0,0,0,0,0,0,0,0,4,0,0,0,0,0,0,0,0
22,52,0,2,2,0,0,0,0,0,0,0,0,0,4,0,0,0,0,0,0,0,0
23,52,0,2,2,0,0,0,0,0,0,0,0,0,4,0,0,0,0,0,0,0,0
24,52,0,2,2,0,0,0,0,0,0,0,0,0,4,0,0,0,0,0,0,0,0
25,52,0,2,2,0,0,0,0,0,0,0,0,0,4,0,0,0,0,0,0,0,0
26,52,0,2,2,0,0,0,0,0,0,0,0,0,4,0,0,0,0,0,0,0,0
27,52,0,2,2,0,0,0,0,0,0,0,0,0,4,0,0,0,0,0,0,0,0
28,52,0,2,2,0,0,0,0,0,0,0,0,0,4,0,0,0,0,0,0,0,0
29,52,0,2,2,0,0,0,0,0,0,0,0,0,4,0,0,0,0,0,0,0,0
30,52,0,2,2,0,0,0,0,0,0,0,0,0,4,0,0,0,0,0,0,0,0
31,52,0,2,2,0,0,0,0,0,0,0,0,0,4,0,0,0,0,0,0,0,0
32,52,0,2,2,0,0,0,0,0,0,0,0,0,4,0,0,0,0,0,0,0,0
33,52,0,2,2,0,0,0,0,0,0,0,0,0,4,0,0,0,0,0,0,0,0
34,52,0,2,2,0,0,0,0,0,0,0,0,0,4,0,0,0,0,0,0,0,0
35,52,0,2,2,0,0,0,0,0,0,0,0,0,4,0,0,0,0,0,0,0,0
36,52,0,2,2,0,0,0,0,0,0,0,0,0,4,0,0,0,0,0,0,0,0
37,52,0,2,2,0,0,0,2,2,0,0,0,0,0,0,0,0,0,0,0,0,0
38,52,0,2,2,0,0,0,2,2,0,0,0,0,0,0,0,0,0,0,0,0,0
39,52,0,2,2,0,0,0,2,0,0,0,0,0,0,2,0,0,0,0,0,0,0
40,52,0,2,2,0,0,0,2,0,0,0,0,0,0,2,0,0,0,0,0,0,0
41,52,0,2,2,0,0,0,2,0,0,0,0,0,0,2,0,0,0,0,0,0,0
42,52,0,2,2,0,0,0,2,0,0,0,0,0,0,2,0,0,0,0,0,0,0
43,52,0,2,2,0,0,0,2,0,0,0,0,0,0,2,0,0,0,0,0,0,0
44,52,0,2,2,0,0,0,2,0,0,0,0,0,0,2,0,0,0,0,0,0,0
45,52,0,2,2,0,0,0,2,0,0,0,0,0,0,2,0,0,0,0,0,0,0
46,52,0,2,2,0,0,0,2,0,0,0,0,0,0,2,0,0,0,0,0,0,0
47,52,0,2,2,0,0,0,2,0,0,0,0,0,0,2,0,0,0,0,0,0,0
48,52,0,2,2,1,1,0,2,0,0,0,0,0,0,2,0,0,0,0,0,0,0
49,49,3,2,2,1,0,0,2,0,0,0,0,0,0,2,0,0,0,0,1,0,0
50,49,3,2,2,1,0,0,2,0,0,0,0,0,0,2,0,0,0,0,1,0,0
51,49,3,2,2,1,0,0,2,0,0,0,0,0,0,2,0,0,0,0,1,0,0
52,49,3,2,2,1,0,0,2,0,0,0,0,0,0,2,0,0,0,0,1,0,0
53,49,3,2,2,1,0,0,2,0,0,0,0,0,0,2,0,0,0,0,1,0,0
54,49,3,2,2,1,0,0,2,0,0,0,0,0,0,2,0,0,0,0,1,0,0
55,49,3,2,2,1,0,0,2,0,0,0,0,0,0,2,0,0,0,0,1,0,0
56,49,3,2,2,1,0,0,2,0,0,0,0,0,0,2,0,0,0,0,1,0,0
57,49,3,2,2,1,0,0,2,0,0,0,0,0,0,2,0,0,0,0,1,0,0
58,49,3,2,2,1,0,0,2,0,0,0,0,0,0,2,0,0,0,0,1,0,0
59,49,3,2,2,1,0,0,2,0,0,0,0,0,0,2,0,0,0,0,1,0,0
60,49,3,2,2,1,0,0,2,0,0,0,0,0,0,2,0,0,0,0,1,0,0
61,49,3,2,2,1,0,0,2,0,0,0,0,0,0,2,0,0,0,0,1,0,0
62,49,3,2,2,1,0,0,2,0,0,0,0,0,0,2,0,0,0,0,1,0,0
63,49,3,2,2,2,1,0,2,0,0,0,0,0,0,2,0,0,0,0,1,0,0
64,48,4,2,2,2,0,0,2,0,0,0,0,0,0,2,0,0,0,0,2,0,0
65,48,4,2,2,2,0,0,2,0,0,0,0,0,0,2,0,0,0,0,2,0,0
66,48,4,2,2,2,0,0,2,0,0,0,0,0,0,2,0,0,0,0,2,0,0
67,48,4,2,2,2,0,0,2,0,0,0,0,0,0,2,0,0,0,0,2,0,0
68,48,4,2,2,2,0,0,2,0,0,0,0,0,0,2,0,0,0,0,2,0,0
69,48,4,2,2,2,0,0,2,0,0,0,0,0,0,2,0,0,0,0,2,0,0
70,48,4,2,2,2,0,0,2,0,0,0,0,0,0,2,0,0,0,0,2,0,0
71,48,4,2,2,2,0,0,2,0,0,0,0,0,0,2,0,0,0,0,2,0,0
72,48,4,2,2,2,0,0,2,0,0,0,0,0,0,2,0,0,0,0,2,0,0
73,48,4,2,2,2,0,0,2,0,0,0,0,0,0,2,0,0,0,0,2,0,0
74,48,4,2,2,2,0,0,2,2,0,0,0,0,0,0,0,0,0,0,2,0,0
75,48,4,2,2,2,0,0,2,2,0,0,0,0,0,0,0,0,0,0,2,0,0
76,48,4,2,2,2,0,0,2,2,0,0,0,0,0,0,0,0,0,0,2,0,0
77,48,4,2,2,2,0,0,2,2,0,0,0,0,0,0,0,0,0,0,2,0,0
78,48,4,2,2,2,0,0,2,2,0,0,0,0,0,0,0,0,0,0,2,0,0
79,48,4,2,2,2,0,0,2,2,0,0,0,0,0,0,0,0,0,0,2,0,0
80,48,4,2,2,2,0,0,2,2,0,0,0,0,0,0,0,0,0,0,2,0,0
81,48,4,2,2,2,0,0,2,0,2,0,0,0,0,0,0,2,0,0,0,0,0
82,48,4,2,2,2,0,0,2,0,2,0,0,0,0,0,0,2,0,0,0,0,0
83,48,4,2,2,2,0,0,2,0,2,0,0,0,0,0,0,2,0,0,0,0,0
84,48,4,2,2,2,0,0,2,0,2,0,0,0,0,0,0,2,0,0,0,0,0
85,48,4,2,2,2,0,0,2,0,2,0,0,0,0,0,0,2,0,0,0,0,0
86,48,4,2,2,2,0,0,2,0,2,0,0,0,0,0,0,2,0,0,0,0,0
87,48,4,2,2,2,0,0,2,0,2,0,0,0,0,0,0,2,0,0,0,0,0
88,48,4,2,2,2,0,0,2,0,2,0,0,0,0,0,0,2,0,0,0,0,0
89,48,4,2,2,2,0,0,2,0,2,0,0,0,0,0,0,2,0,0,0,0,0
90,48,4,2,2,2,0,0,2,0,2,0,0,0,0,0,0,2,0,0,0,0,0
91,48,4,2,2,2,0,0,2,0,2,0,0,0,0,0,0,2,0,0,0,0,0
92,48,4,2,2,2,0,0,2,0,2,0,0,0,0,0,0,2,0,0,0,0,0
93,48,4,2,2,2,0,0,2,0,2,0,0,0,0,0,0,2,0,0,0,0,0
94,48,4,2,2,2,0,0,2,0,2,0,0,0,0,0,0,2,0,0,0,0,0
95,48,4,2,2,2,0,0,2,0,2,0,0,0,0,0,0,2,0,0,0,0,0
96,48,4,2,2,2,0,0,2,0,2,0,0,0,0,0,0,2,0,0,0,0,0
97,48,4,2,2,2,0,0,2,0,2,0,0,0,0,0,0,2,0,0,0,0,0
98,48,4,2,2,2,0,0,2,0,2,0,0,0,0,0,0,2,0,0,0,0,0
99,48,4,2,2,2,0,0,2,0,2,0,0,0,0,0,0,2,0,0,0,0,0
100,48,4,2,2,2,0,0,2,0,2,0,0,0,0,0,0,2,0,0,0,0,0
101,48,4,2,2,2,0,0,2,0,2,0,0,0,0,0,0,2,0,0,0,0,0
102,48,4,2,2,2,0,0,2,0,2,0,0,0,0,0,0,2,0,0,0,0,0
103,48,4,2,2,2,0,0,2,0,2,0,0,0,0,0,0,2,0,0,0,0,0
104,48,4,2,2,2,0,0,2,0,2,0,0,0,0,0,0,2,0,0,0,0,0
105,48,4,2,2,2,0,0,2,0,2,0,0,0,0,0,0,2,0,0,0,0,0
106,48,4,2,2,2,0,0,2,2,0,0,0,0,0,0,0,0,0,0,0,2,0
107,48,4,2,2,2,0,0,0,4,0,0,0,0,0,0,0,0,0,0,0,2,0
108,48,4,2,2,2,0,0,0,4,0,0,0,0,0,0,0,0,0,0,0,2,0
109,48,4,2,2,2,0,0,0,4,0,0,0,0,0,0,0,0,0,0,0,2,0
110,48,4,2,2,2,0,0,0,4,0,0,0,0,0,0,0,0,0,0,0,2,0
111,48,4,2,2,2,0,0,0,4,0,0,0,0,0,0,0,0,0,0,0,2,0
112,48,4,2,2,2,0,0,0,2,0,0,0,0,0,0,2,0,0,0,0,2,0
113,48,4,2,2,2,0,0,0,0,0,2,0,0,0,0,2,0,2,0,0,0,0
114,48,4,2,2,2,0,0,0,0,0,2,0,0,0,0,2,0,2,0,0,0,0
115,48,4,2,2,2,0,0,0,0,0,2,0,0,0,0,2,0,2,0,0,0,0
116,48,4,2,2,2,0,0,0,0,0,2,0,0,0,0,2,0,2,0,0,0,0
117,48,4,2,2,2,0,0,0,0,0,2,0,0,0,0,2,0,2,0,0,0,0
118,48,4,2,2,2,0,0,0,0,0,2,0,0,0,0,2,0,2,0,0,0,0
119,48,4,2,2,2,0,2,0,0,0,2,0,0,0,0,0,0,2,0,0,0,0
120,48,4,2,2,2,0,2,0,0,0,2,0,0,0,0,0,0,2,0,0,0,0
121,48,4,2,2,2,0,2,0,0,0,2,0,0,0,0,0,0,2,0,0,0,0
122,48,4,2,2,2,0,2,0,0,0,2,0,0,0,0,0,0,2,0,0,0,0
123,48,4,2,2,2,0,2,0,0,0,2,0,0,0,0,0,0,2,0,0,0,0
124,48,4,2,2,2,0,2,0,0,0,2,0,0,0,0,0,0,2,0,0,0,0
125,48,4,2,2,2,0,2,0,0,0,2,0,0,0,0,0,0,2,0,0,0,0
126,48,4,2,2,2,0,2,0,0,0,2,0,0,0,0,0,0,2,0,0,0,0
127,48,4,2,2,2,0,2,0,0,0,2,0,0,0,0,0,0,2,0,0,0,0
128,48,4,2,2,2,0,2,0,0,0,2,0,0,0,0,0,0,2,0,0,0,0
129,48,4,2,2,2,0,2,0,0,0,2,0,0,0,0,0,0,2,0,0,0,0
130,48,4,2,2,2,0,2,0,0,0,2,0,0,0,0,0,0,2,0,0,0,0
131,48,4,2,2,2,0,2,0,0,0,2,0,0,0,0,0,0,2,0,0,0,0
132,48,4,2,2,2,0,2,0,0,0,2,0,0,0,0,0,0,2,0,0,0,0
133,48,4,2,2,2,0,2,0,0,0,2,0,0,0,0,0,0,2,0,0,0,0
134,48,4,2,2,2,0,2,0,0,0,2,0,0,0,0,0,0,2,0,0,0,0
135,48,4,2,2,2,0,2,0,0,0,2,0,0,0,0,0,0,2,0,0,0,0
136,48,4,2,2,2,0,2,0,0,0,2,0,0,0,0,0,0,2,0,0,0,0
137,48,4,2,2,2,0,2,0,0,0,2,0,0,0,0,0,0,2,0,0,0,0
138,48,4,2,2,2,0,2,0,0,0,2,0,0,0,0,0,0,2,0,0,0,0
139,48,4,2,2,2,2,2,0,2,0,0,0,0,0,0,0,0,0,0,0,0,0
140,48,4,2,2,2,2,2,0,2,0,0,0,0,0,0,0,0,0,0,0,0,0
141,48,4,2,2,2,2,2,0,2,0,0,0,0,0,0,0,0,0,0,0,0,0
142,48,4,2,2,2,2,2,0,2,0,0,0,0,0,0,0,0,0,0,0,0,0
143,48,4,2,2,2,2,2,0,2,0,0,0,0,0,0,0,0,0,0,0,0,0
144,48,4,2,2,2,2,2,0,2,0,0,0,0,0,0,0,0,0,0,0,0,0
145,48,4,2,2,2,2,2,0,0,0,0,0,0,0,0,2,0,0,0,0,0,0
146,48,4,2,2,2,2,2,0,0,0,0,0,0,0,0,2,0,0,0,0,0,0
147,48,4,2,2,2,2,2,0,0,0,0,0,0,0,0,2,0,0,0,0,0,0
148,48,4,2,2,2,2,2,0,0,0,0,0,0,0,0,2,0,0,0,0,0,0
149,48,4,2,2,2,2,2,0,0,0,0,0,0,0,0,2,0,0,0,0,0,0
150,48,4,2,2,2,2,2,0,0,0,0,0,0,0,0,2,0,0,0,0,0,0
151,48,4,2,2,2,2,2,0,0,0,0,0,0,0,0,2,0,0,0,0,0,0
152,48,4,2,2,2,2,2,0,0,0,0,0,0,0,0,2,0,0,0,0,0,0
153,48,4,2,2,2,2,2,1,0,0,0,0,0,0,0,1,0,0,0,0,0,0
154,48,4,2,2,2,2,2,1,0,0,0,0,0,0,0,1,0,0,0,0,0,0
155,48,4,2,2,2,2,2,2,0,0,0,0,0,0,0,0,0,0,0,0,0,0
156,48,4,2,2,2,2,2,2,0,0,0,0,0,0,0,0,0,0,0,0,0,0
157,48,4,2,2,2,2,2,2,0,0,0,0,0,0,0,0,0,0,0,0,0,0
158,48,4,2,2,2,2,2,2,0,0,0,0,0,0,0,0,0,0,0,0,0,0
159,48,4,2,2,2,2,2,2,0,0,0,0,0,0,0,0,0,0,0,0,0,0
160,48,4,2,2,2,2,2,2,0,0,0,0,0,0,0,0,0,0,0,0,0,0
161,48,4,2,2,2,2,2,2,0,0,0,0,0,0,0,0,0,0,0,0,0,0
162,48,4,2,2,2,2,2,2,0,0,0,0,0,0,0,0,0,0,0,0,0,0
163,48,4,2,2,2,2,2,2,0,0,0,0,0,0,0,0,0,0,0,0,0,0
164,48,4,2,2,2,2,2,2,0,0,0,0,0,0,0,0,0,0,0,0,0,0
165,48,4,2,2,2,2,2,2,0,0,0,0,0,0,0,0,0,0,0,0,0,0
166,48,4,2,2,3,3,2,2,0,0,0,0,0,0,0,0,0,0,0,0,0,0
167,47,5,2,2,3,2,2,2,0,0,0,0,0,0,0,0,0,0,0,1,0,0
168,47,5,2,2,3,2,1,2,1,0,0,0,0,0,0,0,0,0,0,1,0,0
169,47,5,2,2,3,1,1,2,1,0,0,0,0,0,0,0,0,0,0,1,0,1
170,47,5,2,2,3,1,1,2,1,0,0,0,0,0,0,0,0,0,0,1,0,1
171,47,5,2,2,3,1,1,2,1,0,0,0,0,0,0,0,0,0,0,1,0,1
172,47,5,2,2,3,1,1,2,1,0,0,0,0,0,0,0,0,0,0,1,0,1
173,47,5,2,2,3,1,1,2,1,0,0,0,0,0,0,0,0,0,0,1,0,1
174,47,5,2,2,4,2,1,2,0,1,0,0,0,0,0,0,1,0,0,0,0,1
175,46,6,2,2,5,2,1,2,0,1,0,0,0,0,0,0,1,0,0,1,0,1
176,44,8,2,2,5,1,0,2,1,1,0,0,0,0,0,0,1,0,0,2,0,1
177,44,8,2,2,5,1,0,2,1,1,0,0,0,0,0,0,1,0,0,2,0,1
178,44,8,2,2,5,1,0,2,1,1,0,0,0,0,0,0,1,0,0,2,0,1
179,44,8,2,2,5,1,0,2,1,1,0,0,0,0,0,0,1,0,0,2,0,1
180,44,8,2,2,5,1,0,2,1,1,0,0,0,0,0,0,1,0,0,2,0,1
181,44,8,2,2,5,1,0,2,1,1,0,0,0,0,0,0,1,0,0,2,0,1
182,44,8,2,2,5,1,0,2,0,2,0,0,0,0,0,0,2,0,0,1,0,1
183,44,8,2,2,5,1,0,2,0,2,0,0,0,0,0,0,2,0,0,1,0,1
184,44,8,2,2,5,0,0,2,0,2,0,0,0,0,0,0,2,0,0,1,0,2
185,44,8,2,2,5,0,0,2,0,2,0,0,0,0,0,0,2,0,0,1,0,2
186,44,8,2,2,5,0,0,2,0,2,0,0,0,0,0,0,2,0,0,1,0,2
187,44,8,2,2,5,0,0,2,0,2,0,0,0,0,0,0,2,0,0,1,0,2
188,44,8,2,2,5,0,0,2,0,2,0,0,0,0,0,0,2,0,0,1,0,2
189,44,8,2,2,5,0,0,2,0,2,0,0,0,0,0,0,2,0,0,1,0,2
190,44,8,2,2,5,0,0,2,0,2,0,0,0,0,0,0,2,0,0,1,0,2
191,44,8,2,2,5,0,0,2,0,2,0,0,0,0,0,0,2,0,0,1,0,2
192,44,8,2,2,5,0,0,2,0,2,0,0,0,0,0,0,2,0,0,1,0,2
193,44,8,2,2,5,0,0,2,0,2,0,0,0,0,0,0,2,0,0,1,0,2
194,44,8,2,2,5,0,0,2,0,2,0,0,0,0,0,0,2,0,0,1,0,2
195,44,8,2,2,5,0,0,2,0,2,0,0,0,0,0,0,2,0,0,1,0,2
196,44,8,2,2,5,0,0,2,0,2,0,0,0,0,0,0,2,0,0,1,0,2
197,44,8,2,2,5,0,0,2,0,2,0,0,0,0,0,0,2,0,0,1,0,2
198,44,8,2,2,5,0,0,2,0,2,0,0,0,0,0,0,2,0,0,1,0,2
199,44,8,2,2,5,0,0,2,0,2,0,0,0,0,0,0,2,0,0,1,0,2
200,44,8,2,2,5,0,0,2,1,1,0,0,0,0,0,0,1,0,0,1,1,2
201,44,8,2,2,5,0,0,1,2,1,0,0,0,0,0,0,1,0,0,1,1,2
202,44,8,2,2,5,0,0,1,2,1,0,0,0,0,0,0,1,0,0,1,1,2
203,44,8,2,2,5,0,0,1,2,1,0,0,0,0,0,0,1,0,0,1,1,2
204,44,8,2,2,5,0,0,1,2,1,0,0,0,0,0,0,1,0,0,1,1,2
205,44,8,2,2,5,0,0,1,2,1,0,0,0,0,0,0,1,0,0,1,1,2
206,44,8,2,2,5,0,0,1,2,1,0,0,0,0,0,0,1,0,0,1,1,2
207,44,8,2,2,5,0,0,1,1,1,1,0,0,0,0,0,1,1,0,1,0,2
208,44,8,2,2,5,0,0,1,2,0,1,0,0,0,0,0,0,1,0,1,1,2
209,44,8,2,2,5,0,0,0,3,0,1,0,0,0,0,0,0,1,0,1,1,2
210,44,8,2,2,5,0,0,0,3,0,1,0,0,0,0,0,0,1,0,1,1,2
211,44,8,2,2,5,0,0,0,3,0,1,0,0,0,0,0,0,1,0,1,1,2
212,44,8,2,2,5,0,0,0,3,0,1,0,0,0,0,0,0,1,0,1,1,2
213,44,8,2,2,5,0,0,0,3,0,1,0,0,0,0,0,0,1,0,1,1,2
214,44,8,2,2,5,0,0,0,2,0,1,1,0,0,0,0,0,1,1,1,1,1
215,44,8,2,2,5,0,0,0,1,0,2,1,0,0,0,0,0,2,1,1,0,1
216,44,8,2,2,5,0,0,0,1,0,2,1,0,0,0,0,0,2,1,1,0,1
217,44,8,2,2,5,0,0,0,1,0,2,1,0,0,0,0,0,2,1,1,0,1
218,44,8,2,2,5,0,0,0,1,0,2,1,0,0,0,0,0,2,1,1,0,1
219,44,8,2,2,5,0,0,0,1,0,2,1,0,0,0,0,0,2,1,1,0,1
220,44,8,2,2,5,0,0,0,1,0,2,1,0,0,0,0,0,2,1,1,0,1
221,44,8,2,2,5,0,0,0,0,0,2,2,0,0,0,0,0,2,2,1,0,0
222,44,8,2,2,5,1,0,0,1,0,2,1,0,0,0,0,0,2,1,1,0,0
223,44,8,2,2,5,1,0,0,1,0,2,1,0,0,0,0,0,2,1,1,0,0
224,44,8,2,2,5,1,0,0,1,0,2,1,0,0,0,0,0,2,1,1,0,0
225,44,8,2,2,5,1,0,0,1,0,2,1,0,0,0,0,0,2,1,1,0,0
226,44,8,2,2,5,1,0,0,1,0,2,1,0,0,0,0,0,2,1,1,0,0
227,44,8,2,2,5,1,0,0,1,0,2,1,0,0,0,0,0,2,1,1,0,0
228,44,8,2,2,5,1,0,0,1,0,2,1,0,0,0,0,0,2,1,1,0,0
229,44,8,2,2,5,3,0,0,3,0,1,0,0,0,0,0,0,1,0,1,0,0
230,44,8,2,2,5,3,0,0,2,1,1,0,0,0,0,0,1,1,0,0,0,0
231,44,8,2,2,5,3,0,0,2,1,1,0,0,0,0,0,1,1,0,0,0,0
232,44,8,2,2,5,3,0,0,2,1,1,0,0,0,0,0,1,1,0,0,0,0
233,44,8,2,2,5,3,0,0,2,1,1,0,0,0,0,0,1,1,0,0,0,0
234,44,8,2,2,5,3,0,0,2,1,1,0,0,0,0,0,1,1,0,0,0,0
235,44,8,2,2,5,3,0,0,0,1,1,0,0,0,0,2,1,1,0,0,0,0
236,44,8,2,2,5,3,0,0,0,1,1,0,0,0,0,2,1,1,0,0,0,0
237,44,8,2,2,5,3,0,0,0,1,1,0,0,0,0,2,1,1,0,0,0,0
238,44,8,2,2,5,3,0,0,0,1,1,0,0,0,0,2,1,1,0,0,0,0
239,44,8,2,2,5,4,0,0,1,1,0,0,0,0,0,2,1,0,0,0,0,0
240,44,8,2,2,5,4,0,0,1,1,0,0,0,0,0,2,1,0,0,0,0,0
241,44,8,2,2,5,4,0,0,1,1,0,0,0,0,0,2,1,0,0,0,0,0
242,44,8,2,2,5,4,0,1,1,1,0,0,0,0,0,1,1,0,0,0,0,0
243,44,8,2,2,5,4,1,1,1,1,0,0,0,0,0,0,1,0,0,0,0,0
244,44,8,2,2,5,4,1,1,1,1,0,0,0,0,0,0,1,0,0,0,0,0
245,44,8,2,2,5,4,1,1,0,1,0,0,0,0,0,1,1,0,0,0,0,0
246,44,8,2,2,5,4,1,1,0,1,0,0,0,0,0,1,1,0,0,0,0,0
247,44,8,2,2,5,4,1,1,0,1,0,0,0,0,0,1,1,0,0,0,0,0
248,44,8,2,2,5,4,1,1,0,1,0,0,0,0,0,1,1,0,0,0,0,0
249,44,8,2,2,5,4,1,1,0,1,0,0,0,0,0,1,1,0,0,0,0,0
250,44,8,2,2,5,4,1,1,0,1,0,0,0,0,0,1,1,0,0,0,0,0
251,44,8,2,2,5,4,1,1,0,1,0,0,0,0,0,1,1,0,0,0,0,0
252,44,8,2,2,5,4,1,2,1,0,0,0,0,0,0,0,0,0,0,0,1,0
253,44,8,2,2,5,4,1,1,2,0,0,0,0,0,0,0,0,0,0,0,1,0
254,44,8,2,2,5,4,1,1,2,0,0,0,0,0,0,0,0,0,0,0,1,0
255,44,8,2,2,5,4,1,1,2,0,0,0,0,0,0,0,0,0,0,0,1,0
256,44,8,2,2,5,4,1,1,1,0,0,0,0,0,0,1,0,0,0,0,1,0
257,44,8,2,2,5,4,1,1,0,0,1,0,0,0,0,1,0,1,0,0,0,0
258,44,8,2,2,5,4,1,1,0,0,1,0,0,0,0,1,0,1,0,0,0,0
259,44,8,2,2,5,4,1,1,0,0,1,0,0,0,0,1,0,1,0,0,0,0
260,44,8,2,2,5,4,1,1,0,0,1,0,0,0,0,1,0,1,0,0,0,0
261,44,8,2,2,5,4,1,1,0,0,1,0,0,0,0,1,0,1,0,0,0,0
262,44,8,2,2,5,4,1,1,0,0,1,0,0,0,0,1,0,1,0,0,0,0
263,44,8,2,2,5,4,1,1,0,0,1,0,0,0,0,1,0,1,0,0,0,0
264,44,8,2,2,5,4,1,1,0,0,1,0,0,0,0,1,0,1,0,0,0,0
265,44,8,2,2,5,4,1,1,0,0,1,0,0,0,0,1,0,1,0,0,0,0
266,44,8,2,2,5,4,2,1,0,0,1,0,0,0,0,0,0,1,0,0,0,0
267,44,8,2,2,5,4,2,1,0,0,1,0,0,0,0,0,0,1,0,0,0,0
268,44,8,2,2,5,4,2,1,0,0,1,0,0,0,0,0,0,1,0,0,0,0
269,44,8,2,2,5,4,2,1,0,0,1,0,0,0,0,0,0,1,0,0,0,0
270,44,8,2,2,5,4,2,1,0,0,1,0,0,0,0,0,0,1,0,0,0,0
271,44,8,2,2,5,4,2,1,0,0,1,0,0,0,0,0,0,1,0,0,0,0
272,44,8,2,2,5,4,2,1,0,0,1,0,0,0,0,0,0,1,0,0,0,0
273,44,8,2,2,5,4,2,1,0,0,1,0,0,0,0,0,0,1,0,0,0,0
274,44,8,2,2,5,4,2,1,0,0,1,0,0,0,0,0,0,1,0,0,0,0
275,44,8,2,2,5,4,2,1,0,0,1,0,0,0,0,0,0,1,0,0,0,0
276,44,8,2,2,5,4,2,1,0,0,1,0,0,0,0,0,0,1,0,0,0,0
277,44,8,2,2,5,4,2,1,0,0,1,0,0,0,0,0,0,1,0,0,0,0
278,44,8,2,2,5,4,2,1,0,0,1,0,0,0,0,0,0,1,0,0,0,0
279,44,8,2,2,5,4,2,1,0,0,1,0,0,0,0,0,0,1,0,0,0,0
280,44,8,2,2,5,5,2,1,1,0,0,0,0,0,0,0,0,0,0,0,0,0
281,44,8,2,2,5,5,2,1,1,0,0,0,0,0,0,0,0,0,0,0,0,0
282,44,8,2,2,5,5,2,1,1,0,0,0,0,0,0,0,0,0,0,0,0,0
283,44,8,2,2,5,5,2,1,1,0,0,0,0,0,0,0,0,0,0,0,0,0
284,44,8,2,2,5,5,2,1,0,0,0,0,0,0,0,1,0,0,0,0,0,0
285,44,8,2,2,5,5,2,1,0,0,0,0,0,0,0,1,0,0,0,0,0,0
286,44,8,2,2,5,5,2,1,0,0,0,0,0,0,0,1,0,0,0,0,0,0
287,44,8,2,2,5,5,2,1,0,0,0,0,0,0,0,1,0,0,0,0,0,0
288,44,8,2,2,5,5,2,1,0,0,0,0,0,0,0,1,0,0,0,0,0,0
289,44,8,2,2,5,4,2,1,0,0,0,0,0,0,0,1,0,0,0,0,0,1
290,44,8,2,2,5,4,1,1,1,0,0,0,0,0,0,1,0,0,0,0,0,1
291,44,8,2,2,5,4,1,1,1,0,0,0,0,0,0,1,0,0,0,0,0,1
292,44,8,2,2,5,4,1,1,1,0,0,0,0,0,0,1,0,0,0,0,0,1
293,44,8,2,2,5,4,1,2,1,0,0,0,0,0,0,0,0,0,0,0,0,1
294,44,8,2,2,5,4,1,2,1,0,0,0,0,0,0,0,0,0,0,0,0,1
295,44,8,2,2,5,4,1,2,1,0,0,0,0,0,0,0,0,0,0,0,0,1
296,44,8,2,2,5,4,1,2,1,0,0,0,0,0,0,0,0,0,0,0,0,1
297,44,8,2,2,5,4,1,2,1,0,0,0,0,0,0,0,0,0,0,0,0,1
298,44,8,2,2,5,4,1,2,0,0,0,1,0,0,0,0,0,0,1,0,0,0
299,44,8,2,2,5,4,1,2,0,0,0,1,0,0,0,0,0,0,1,0,0,0
300,44,8,2,2,5,4,1,2,0,0,0,1,0,0,0,0,0,0,1,0,0,0
301,44,8,2,2,5,4,1,2,0,0,0,1,0,0,0,0,0,0,1,0,0,0
302,44,8,2,2,5,4,1,2,0,0,0,1,0,0,0,0,0,0,1,0,0,0
303,44,8,2,2,5,4,1,2,0,0,0,1,0,0,0,0,0,0,1,0,0,0
304,44,8,2,2,5,3,1,2,0,0,0,1,0,0,0,0,0,0,1,0,0,1
305,44,8,2,2,5,3,0,2,1,0,0,1,0,0,0,0,0,0,1,0,0,1
306,44,8,2,2,5,4,0,2,2,0,0,0,0,0,0,0,0,0,0,0,0,1
307,44,8,2,2,5,4,0,2,2,0,0,0,0,0,0,0,0,0,0,0,0,1
308,44,8,2,2,5,4,0,2,2,0,0,0,0,0,0,0,0,0,0,0,0,1
309,44,8,2,2,5,4,0,2,2,0,0,0,0,0,0,0,0,0,0,0,0,1
310,44,8,2,2,5,4,0,2,2,0,0,0,0,0,0,0,0,0,0,0,0,1
311,44,8,2,2,5,4,0,2,2,0,0,0,0,0,0,0,0,0,0,0,0,1
312,44,8,2,2,5,4,0,2,1,0,0,0,0,0,0,1,0,0,0,0,0,1
313,44,8,2,2,5,4,0,2,1,0,0,0,0,0,0,1,0,0,0,0,0,1
314,44,8,2,2,5,4,0,2,0,0,0,1,0,0,0,1,0,0,1,0,0,0
315,44,8,2,2,5,4,0,2,0,0,0,1,0,0,0,1,0,0,1,0,0,0
316,44,8,2,2,5,4,0,2,0,0,0,1,0,0,0,1,0,0,1,0,0,0
317,44,8,2,2,5,4,0,2,0,0,0,1,0,0,0,1,0,0,1,0,0,0
318,44,8,2,2,5,4,0,2,0,0,0,1,0,0,0,1,0,0,1,0,0,0
319,44,8,2,2,5,4,0,2,0,0,0,1,0,0,0,1,0,0,1,0,0,0
320,44,8,2,2,5,4,0,2,0,0,0,1,0,0,0,1,0,0,1,0,0,0
321,44,8,2,2,5,4,1,2,0,0,0,1,0,0,0,0,0,0,1,0,0,0
322,44,8,2,2,5,5,1,2,1,0,0,0,0,0,0,0,0,0,0,0,0,0
323,44,8,2,2,5,5,1,2,1,0,0,0,0,0,0,0,0,0,0,0,0,0
324,44,8,2,2,5,4,1,2,1,0,0,0,0,0,0,0,0,0,0,0,1,0
325,44,8,2,2,5,4,1,1,2,0,0,0,0,0,0,0,0,0,0,0,1,0
326,44,8,2,2,5,4,1,1,2,0,0,0,0,0,0,0,0,0,0,0,1,0
327,44,8,2,2,5,4,1,1,2,0,0,0,0,0,0,0,0,0,0,0,1,0
328,44,8,2,2,5,4,1,1,1,0,0,0,0,0,0,1,0,0,0,0,1,0
329,44,8,2,2,5,4,1,1,1,0,0,0,0,0,0,1,0,0,0,0,1,0
330,44,8,2,2,5,4,1,1,1,0,0,0,0,0,0,1,0,0,0,0,1,0
331,44,8,2,2,5,4,1,1,0,0,1,0,0,0,0,1,0,1,0,0,0,0
332,44,8,2,2,5,4,1,1,0,0,1,0,0,0,0,1,0,1,0,0,0,0
333,44,8,2,2,6,5,1,1,0,0,1,0,0,0,0,1,0,1,0,0,0,0
334,43,9,2,2,6,4,1,1,0,0,1,0,0,0,0,1,0,1,0,1,0,0
335,43,9,2,2,6,4,1,1,0,0,1,0,0,0,0,1,0,1,0,1,0,0
336,43,9,2,2,6,4,1,1,0,0,1,0,0,0,0,1,0,1,0,1,0,0
337,43,9,2,2,6,4,1,1,1,0,1,0,0,0,0,0,0,1,0,1,0,0
338,43,9,2,2,6,4,1,1,1,0,1,0,0,0,0,0,0,1,0,1,0,0
339,43,9,2,2,6,4,1,1,1,0,1,0,0,0,0,0,0,1,0,1,0,0
340,43,9,2,2,6,4,1,1,1,0,1,0,0,0,0,0,0,1,0,1,0,0
341,43,9,2,2,6,4,1,1,0,1,1,0,0,0,0,0,1,1,0,0,0,0
342,43,9,2,2,6,4,1,1,0,1,1,0,0,0,0,0,1,1,0,0,0,0
343,43,9,2,2,6,4,1,1,0,1,1,0,0,0,0,0,1,1,0,0,0,0
344,43,9,2,2,6,4,1,1,0,1,1,0,0,0,0,0,1,1,0,0,0,0
345,43,9,2,2,6,4,1,1,0,1,1,0,0,0,0,0,1,1,0,0,0,0
346,43,9,2,2,6,4,1,1,0,1,1,0,0,0,0,0,1,1,0,0,0,0
347,43,9,2,2,6,4,1,1,0,1,1,0,0,0,0,0,1,1,0,0,0,0
348,43,9,2,2,6,4,1,1,0,1,1,0,0,0,0,0,1,1,0,0,0,0
349,43,9,2,2,6,4,1,1,0,1,1,0,0,0,0,0,1,1,0,0,0,0
350,43,9,2,2,6,4,1,1,0,1,1,0,0,0,0,0,1,1,0,0,0,0
351,43,9,2,2,6,4,1,1,0,1,1,0,0,0,0,0,1,1,0,0,0,0
352,43,9,2,2,6,4,1,1,0,1,1,0,0,0,0,0,1,1,0,0,0,0
353,43,9,2,2,6,4,1,1,0,1,1,0,0,0,0,0,1,1,0,0,0,0
354,43,9,2,2,6,5,1,1,1,1,0,0,0,0,0,0,1,0,0,0,0,0
355,43,9,2,2,6,5,1,1,1,1,0,0,0,0,0,0,1,0,0,0,0,0
356,43,9,2,2,6,5,1,1,1,1,0,0,0,0,0,0,1,0,0,0,0,0
357,43,9,2,2,6,5,1,1,1,1,0,0,0,0,0,0,1,0,0,0,0,0
358,43,9,2,2,6,5,1,1,1,1,0,0,0,0,0,0,1,0,0,0,0,0
359,43,9,2,2,6,5,1,1,1,1,0,0,0,0,0,0,1,0,0,0,0,0
360,43,9,2,2,6,5,1,1,0,1,0,0,0,0,0,1,1,0,0,0,0,0
361,43,9,2,2,6,5,1,1,0,1,0,0,0,0,0,1,1,0,0,0,0,0
362,43,9,2,2,6,5,1,1,0,1,0,0,0,0,0,1,1,0,0,0,0,0
363,43,9,2,2,6,5,1,1,0,1,0,0,0,0,0,1,1,0,0,0,0,0
364,43,9,2,2,6,5,1,1,0,1,0,0,0,0,0,1,1,0,0,0,0,0
365,43,9,2,2,6,5,1,1,0,1,0,0,0,0,0,1,1,0,0,0,0,0
366,43,9,2,2,6,5,1,2,0,1,0,0,0,0,0,0,1,0,0,0,0,0
367,43,9,2,2,6,5,2,2,0,0,0,0,0,0,0,0,0,0,0,0,1,0
368,43,9,2,2,6,5,2,1,1,0,0,0,0,0,0,0,0,0,0,0,1,0
369,43,9,2,2,6,5,2,1,1,0,0,0,0,0,0,0,0,0,0,0,1,0
370,43,9,2,2,6,5,2,1,1,0,0,0,0,0,0,0,0,0,0,0,1,0
371,43,9,2,2,6,5,2,1,1,0,0,0,0,0,0,0,0,0,0,0,1,0
372,43,9,2,2,6,5,2,1,0,0,1,0,0,0,0,0,0,1,0,0,0,0
373,43,9,2,2,6,5,2,1,0,0,1,0,0,0,0,0,0,1,0,0,0,0
374,43,9,2,2,6,5,2,1,0,0,1,0,0,0,0,0,0,1,0,0,0,0
375,43,9,2,2,6,5,2,1,0,0,1,0,0,0,0,0,0,1,0,0,0,0
376,43,9,2,2,6,5,2,1,0,0,1,0,0,0,0,0,0,1,0,0,0,0
377,43,9,2,2,6,5,2,1,0,0,1,0,0,0,0,0,0,1,0,0,0,0
378,43,9,2,2,6,5,2,1,0,0,1,0,0,0,0,0,0,1,0,0,0,0
379,43,9,2,2,6,5,2,1,0,0,1,0,0,0,0,0,0,1,0,0,0,0
380,43,9,2,2,6,5,2,1,0,0,1,0,0,0,0,0,0,1,0,0,0,0
381,43,9,2,2,6,5,2,1,0,0,1,0,0,0,0,0,0,1,0,0,0,0
382,43,9,2,2,6,5,2,1,0,0,1,0,0,0,0,0,0,1,0,0,0,0
383,43,9,2,2,6,5,2,1,0,0,1,0,0,0,0,0,0,1,0,0,0,0
384,43,9,2,2,6,5,2,1,0,0,1,0,0,0,0,0,0,1,0,0,0,0
385,43,9,2,2,6,5,2,1,0,0,1,0,0,0,0,0,0,1,0,0,0,0
386,43,9,2,2,6,4,2,1,0,0,1,0,0,0,0,0,0,1,0,0,1,0
387,43,9,2,2,6,4,2,1,0,0,1,0,0,0,0,0,0,1,0,0,1,0
388,43,9,2,2,6,4,2,1,0,0,1,0,0,0,0,0,0,1,0,0,1,0
389,43,9,2,2,6,4,2,1,0,0,1,0,0,0,0,0,0,1,0,0,1,0
390,43,9,2,2,6,4,2,1,0,0,1,0,0,0,0,0,0,1,0,0,1,0
391,43,9,2,2,6,4,2,1,0,0,1,0,0,0,0,0,0,1,0,0,1,0
392,43,9,2,2,6,4,2,1,0,0,1,0,0,0,0,0,0,1,0,0,1,0
393,43,9,2,2,6,4,2,1,0,0,1,0,0,0,0,0,0,1,0,0,1,0
394,43,9,2,2,6,4,2,1,0,0,1,0,0,0,0,0,0,1,0,0,1,0
395,43,9,2,2,6,4,2,1,0,0,1,0,0,0,0,0,0,1,0,0,1,0
396,43,9,2,2,6,4,2,1,0,0,1,0,0,0,0,0,0,1,0,0,1,0
397,43,9,2,2,6,4,2,1,0,0,1,0,0,0,0,0,0,1,0,0,1,0
398,43,9,2,2,6,5,2,1,1,0,0,0,0,0,0,0,0,0,0,0,1,0
399,43,9,2,2,6,5,2,1,1,0,0,0,0,0,0,0,0,0,0,0,1,0
400,43,9,2,2,6,5,2,1,1,0,0,0,0,0,0,0,0,0,0,0,1,0
401,43,9,2,2,6,5,2,1,1,0,0,0,0,0,0,0,0,0,0,0,1,0
402,43,9,2,2,6,5,2,1,1,0,0,0,0,0,0,0,0,0,0,0,1,0
403,43,9,2,2,6,5,2,1,1,0,0,0,0,0,0,0,0,0,0,0,1,0
404,43,9,2,2,6,5,2,1,1,0,0,0,0,0,0,0,0,0,0,0,1,0
405,43,9,2,2,6,5,2,1,1,0,0,0,0,0,0,0,0,0,0,0,1,0
406,43,9,2,2,6,5,2,1,1,0,0,0,0,0,0,0,0,0,0,0,1,0
407,43,9,2,2,6,4,2,1,0,0,1,0,0,0,0,0,0,1,0,0,0,1
408,43,9,2,2,6,4,1,1,1,0,1,0,0,0,0,0,0,1,0,0,0,1
409,43,9,2,2,6,3,1,1,1,0,1,0,0,0,0,0,0,1,0,0,0,2
410,43,9,2,2,6,3,1,1,1,0,1,0,0,0,0,0,0,1,0,0,0,2
411,43,9,2,2,6,3,1,1,1,0,1,0,0,0,0,0,0,1,0,0,0,2
412,43,9,2,2,6,3,1,1,1,0,1,0,0,0,0,0,0,1,0,0,0,2
413,43,9,2,2,6,3,1,1,1,0,1,0,0,0,0,0,0,1,0,0,0,2
414,43,9,2,2,6,3,1,1,1,0,1,0,0,0,0,0,0,1,0,0,0,2
415,43,9,2,2,6,2,1,1,1,0,1,0,0,0,0,0,0,1,0,0,0,3
416,43,9,2,2,6,1,0,1,2,0,1,0,0,0,0,0,0,1,0,0,0,4
417,43,9,2,2,6,1,0,1,1,0,1,1,0,0,0,0,0,1,1,0,0,3
418,43,9,2,2,6,1,0,1,1,0,1,1,0,0,0,0,0,1,1,0,0,3
419,43,9,2,2,6,1,0,1,1,0,1,1,0,0,0,0,0,1,1,0,0,3
420,43,9,2,2,6,1,0,1,1,0,1,1,0,0,0,0,0,1,1,0,0,3
421,43,9,3,2,6,1,0,1,1,0,1,1,1,0,0,0,0,1,1,0,0,3
422,43,9,2,2,6,1,0,0,1,0,1,1,0,1,0,0,0,1,1,0,0,3
423,43,9,2,2,6,1,0,0,1,0,1,1,0,1,0,0,0,1,1,0,0,3
424,43,9,2,2,6,2,0,0,2,0,1,0,0,1,0,0,0,1,0,0,0,3
425,43,9,2,2,6,2,0,0,2,0,1,0,0,1,0,0,0,1,0,0,0,3
426,43,9,2,2,6,2,0,0,1,0,1,1,0,1,0,0,0,1,1,0,0,2
427,43,9,2,2,6,2,0,0,1,0,1,1,0,1,0,0,0,1,1,0,0,2
428,43,9,2,2,6,2,0,0,1,0,1,1,0,1,0,0,0,1,1,0,0,2
429,43,9,2,2,6,2,0,0,1,0,1,1,0,1,0,0,0,1,1,0,0,2
430,43,9,2,2,6,2,0,0,1,0,1,1,0,1,0,0,0,1,1,0,0,2
431,43,9,2,2,6,2,0,0,1,0,1,1,0,1,0,0,0,1,1,0,0,2
432,43,9,2,2,6,2,0,0,1,0,1,1,0,1,0,0,0,1,1,0,0,2
433,43,9,2,2,6,2,0,0,1,0,1,1,0,1,0,0,0,1,1,0,0,2
434,43,9,2,2,6,3,0,0,3,0,0,0,0,1,0,0,0,0,0,0,0,3
435,43,9,2,2,6,3,0,0,3,0,0,0,0,1,0,0,0,0,0,0,0,3
436,43,9,2,2,6,3,0,0,3,0,0,0,0,1,0,0,0,0,0,0,0,3
437,43,9,2,2,6,3,0,0,3,0,0,0,0,1,0,0,0,0,0,0,0,3
438,43,9,2,2,6,3,0,0,2,0,0,1,0,1,0,0,0,0,1,0,0,2
439,43,9,2,2,6,3,0,0,2,0,0,1,0,1,0,0,0,0,1,0,0,2
440,43,9,2,2,6,3,0,0,1,0,0,1,0,1,0,1,0,0,1,0,0,2
441,43,9,2,2,6,3,0,0,1,0,0,1,0,1,0,1,0,0,1,0,0,2
442,43,9,2,2,6,3,0,0,1,0,0,1,0,1,0,1,0,0,1,0,0,2
443,43,9,2,2,6,3,0,0,1,0,0,1,0,1,0,1,0,0,1,0,0,2
444,43,9,2,2,6,3,0,0,1,0,0,1,0,1,0,1,0,0,1,0,0,2
445,43,9,2,2,6,3,0,0,1,0,0,1,0,1,0,1,0,0,1,0,0,2
446,43,9,2,2,6,4,0,0,2,0,0,0,0,1,0,1,0,0,0,0,0,2
447,43,9,2,2,6,3,0,0,2,0,0,0,0,1,0,1,0,0,0,0,1,2
448,43,9,2,2,6,3,0,0,2,0,0,0,0,1,0,1,0,0,0,0,1,2
449,43,9,2,2,6,3,0,0,1,0,0,1,0,1,0,1,0,0,1,0,1,1
450,43,9,2,2,6,3,0,0,1,0,0,1,0,1,0,1,0,0,1,0,1,1
451,43,9,2,2,6,3,0,0,1,0,0,1,0,1,0,1,0,0,1,0,1,1
452,43,9,2,2,6,3,0,0,1,0,0,1,0,1,0,1,0,0,1,0,1,1
453,43,9,2,2,6,3,0,0,1,0,0,1,0,1,0,1,0,0,1,0,1,1
454,43,9,2,2,6,3,0,0,2,0,0,1,0,0,0,1,0,0,1,0,1,1
455,43,9,2,2,6,3,0,0,1,0,0,2,0,0,0,1,0,0,2,0,1,0
456,43,9,2,2,6,3,0,0,1,0,0,2,0,0,0,1,0,0,2,0,1,0
457,43,9,3,2,6,4,0,1,2,0,0,1,1,0,0,0,0,0,1,0,1,0
458,43,9,2,2,6,4,0,0,2,0,0,1,0,1,0,0,0,0,1,0,1,0
459,43,9,2,2,6,4,0,0,2,0,0,1,0,1,0,0,0,0,1,0,1,0
460,43,9,2,2,6,4,0,0,1,0,0,1,0,1,0,0,0,1,1,0,1,0
461,43,9,2,2,6,5,0,0,2,0,1,0,0,1,0,0,0,1,0,0,0,0
462,43,9,2,2,6,5,0,0,2,0,1,0,0,1,0,0,0,1,0,0,0,0
463,43,9,2,2,6,5,0,0,1,0,1,0,0,1,0,1,0,1,0,0,0,0
464,43,9,2,2,6,5,0,0,1,0,1,0,0,1,0,1,0,1,0,0,0,0
465,43,9,2,2,6,5,0,0,0,0,1,0,0,1,0,2,0,1,0,0,0,0
466,43,9,2,2,6,5,0,0,0,0,1,0,0,1,0,2,0,1,0,0,0,0
467,43,9,2,2,6,5,0,0,0,0,1,0,0,1,0,2,0,1,0,0,0,0
468,43,9,2,2,6,5,0,0,0,0,1,0,0,1,0,2,0,1,0,0,0,0
469,43,9,2,2,6,5,0,0,0,0,1,0,0,1,0,2,0,1,0,0,0,0
470,43,9,2,2,6,5,0,0,0,0,1,0,0,1,0,2,0,1,0,0,0,0
471,43,9,2,2,6,5,0,0,0,0,1,0,0,1,0,2,0,1,0,0,0,0
472,43,9,2,2,6,5,0,0,0,0,1,0,0,1,0,2,0,1,0,0,0,0
473,43,9,2,3,6,5,1,0,0,0,1,0,1,1,0,1,0,1,0,0,0,0
474,43,9,2,2,6,5,0,0,0,0,1,0,0,2,0,1,0,1,0,0,0,0
475,43,9,2,2,6,5,0,0,0,0,1,0,0,2,0,1,0,1,0,0,0,0
476,43,9,2,2,6,5,0,0,0,0,1,0,0,2,0,1,0,1,0,0,0,0
477,43,9,2,2,6,5,0,0,0,0,1,0,0,2,0,1,0,1,0,0,0,0
478,43,9,2,2,6,5,0,0,0,0,1,0,0,2,0,1,0,1,0,0,0,0
479,43,9,2,2,6,5,0,0,0,0,1,0,0,2,0,1,0,1,0,0,0,0
480,43,9,2,2,6,5,0,0,0,0,1,0,0,2,0,1,0,1,0,0,0,0
481,43,9,2,2,6,4,0,0,0,0,1,0,0,2,0,1,0,1,0,0,1,0
482,43,9,2,2,6,4,0,0,0,0,1,0,0,2,0,1,0,1,0,0,1,0
483,43,9,2,2,6,4,0,0,0,0,1,0,0,2,0,1,0,1,0,0,1,0
484,43,9,2,2,6,4,0,0,1,0,1,0,0,2,0,1,0,0,0,0,1,0
485,43,9,2,2,6,5,0,0,1,0,0,0,0,2,0,1,0,0,0,0,1,0
486,43,9,2,3,6,5,1,0,1,0,0,0,1,2,0,0,0,0,0,0,1,0
487,43,9,2,2,6,5,0,0,1,0,0,0,0,3,0,0,0,0,0,0,1,0
488,43,9,2,2,6,5,0,0,1,0,0,0,0,3,0,0,0,0,0,0,1,0
489,43,9,2,2,6,5,0,0,1,0,0,0,0,3,0,0,0,0,0,0,1,0
490,43,9,2,2,6,5,0,0,1,0,0,0,0,3,0,0,0,0,0,0,1,0
491,43,9,2,2,6,5,0,1,1,0,0,0,0,2,0,0,0,0,0,0,1,0
492,43,9,2,2,6,5,0,1,1,0,0,0,0,2,0,0,0,0,0,0,1,0
493,43,9,2,2,6,5,0,1,0,0,0,0,0,2,0,0,0,1,0,0,1,0
494,43,9,2,2,6,5,0,1,0,0,1,0,0,2,0,0,0,1,0,0,0,0
495,43,9,2,2,6,5,0,1,0,0,1,0,0,2,0,0,0,1,0,0,0,0
496,43,9,2,2,6,5,0,1,0,0,1,0,0,2,0,0,0,1,0,0,0,0
497,43,9,2,2,6,5,0,1,0,0,1,0,0,2,0,0,0,1,0,0,0,0
498,43,9,2,2,6,5,0,1,0,0,1,0,0,2,0,0,0,1,0,0,0,0
499,43,9,2,2,6,5,0,1,0,0,1,0,0,2,0,0,0,1,0,0,0,0
500,43,9,2,2,6,5,0,1,0,0,1,0,0,2,0,0,0,1,0,0,0,0
501,43,9,2,2,6,5,0,1,0,0,1,0,0,2,0,0,0,1,0,0,0,0
502,43,9,2,2,6,5,0,1,0,0,1,0,0,2,0,0,0,1,0,0,0,0
503,43,9,2,2,6,5,0,1,0,0,1,0,0,2,0,0,0,1,0,0,0,0
504,43,9,2,2,6,5,0,1,0,0,1,0,0,2,0,0,0,1,0,0,0,0
505,43,9,2,2,6,5,0,1,0,0,1,0,0,2,0,0,0,1,0,0,0,0
506,43,9,2,2,6,5,0,1,0,0,1,0,0,2,0,0,0,1,0,0,0,0
507,43,9,2,2,6,5,0,1,0,0,1,0,0,2,0,0,0,1,0,0,0,0
508,43,9,2,2,6,5,0,1,0,0,1,0,0,2,0,0,0,1,0,0,0,0
509,43,9,2,2,6,5,0,1,0,0,1,0,0,2,0,0,0,1,0,0,0,0
510,43,9,2,2,6,5,0,1,0,0,1,0,0,1,0,1,0,1,0,0,0,0
511,43,9,2,2,6,4,0,0,1,0,1,0,0,1,0,1,0,1,0,0,1,0
512,43,9,2,2,6,4,0,0,1,0,1,0,0,1,0,1,0,1,0,0,1,0
513,43,9,2,2,6,4,0,0,1,0,1,0,0,1,0,1,0,1,0,0,1,0
514,43,9,2,2,6,4,0,0,1,0,1,0,0,1,0,1,0,1,0,0,1,0
515,43,9,2,2,6,4,0,0,1,0,1,0,0,1,0,1,0,1,0,0,1,0
516,43,9,2,2,6,4,0,0,2,0,1,0,0,1,0,1,0,0,0,0,1,0
517,43,9,2,2,6,5,0,0,1,0,0,0,0,1,0,1,0,1,0,0,1,0
518,43,9,2,2,6,5,0,0,2,0,1,0,0,1,0,0,0,1,0,0,0,0
519,43,9,2,2,6,5,0,0,2,0,1,0,0,1,0,0,0,1,0,0,0,0
520,43,9,2,2,6,5,0,0,0,0,1,0,0,1,1,1,0,1,0,0,0,0
521,43,9,2,2,6,5,0,0,0,0,1,0,0,1,1,1,0,1,0,0,0,0
522,43,9,2,2,6,5,0,0,0,0,1,0,0,1,1,1,0,1,0,0,0,0
523,43,9,2,2,6,5,0,0,0,0,1,0,0,1,1,1,0,1,0,0,0,0
524,43,9,2,2,6,5,0,0,1,0,1,0,0,0,1,1,0,1,0,0,0,0
525,43,9,2,2,6,5,0,0,1,0,1,0,0,0,1,1,0,1,0,0,0,0
526,43,9,2,2,6,5,0,0,0,0,1,0,0,0,2,1,0,1,0,0,0,0
527,43,9,2,2,6,4,0,0,0,0,1,0,0,0,2,1,0,1,0,0,0,1
528,43,9,2,2,6,4,0,0,0,0,1,0,0,0,2,1,0,1,0,0,0,1
529,43,9,2,2,6,3,0,0,0,0,1,0,0,0,2,1,0,1,0,0,0,2
530,43,9,2,2,6,3,0,0,0,0,1,0,0,0,2,1,0,1,0,0,0,2
531,43,9,2,2,6,3,0,0,0,0,1,0,0,0,2,1,0,1,0,0,0,2
532,43,9,2,2,6,3,0,0,0,0,1,0,0,0,2,1,0,1,0,0,0,2
533,43,9,2,2,6,3,0,0,0,0,1,0,0,0,2,1,0,1,0,0,0,2
534,43,9,2,2,6,3,0,0,0,0,1,0,0,0,2,1,0,1,0,0,0,2
535,43,9,2,2,6,3,0,1,0,0,1,0,0,0,2,0,0,1,0,0,0,2
536,43,9,2,2,6,2,0,1,0,0,1,0,0,0,2,0,0,1,0,0,0,3
537,43,9,2,2,6,2,0,1,0,0,1,0,0,0,2,0,0,1,0,0,0,3
538,43,9,2,2,6,2,0,1,0,0,1,0,0,0,2,0,0,1,0,0,0,3
539,43,9,2,2,6,2,0,1,1,0,1,0,0,0,2,0,0,0,0,0,0,3
540,43,9,2,2,6,2,0,1,1,0,0,0,0,0,2,0,0,0,0,0,0,4
541,43,9,2,2,6,2,0,1,1,0,0,0,0,0,2,0,0,0,0,0,0,4
542,43,9,2,2,6,2,0,1,1,0,0,0,0,0,2,0,0,0,0,0,0,4
543,43,9,2,2,6,2,0,1,1,0,0,0,0,0,2,0,0,0,0,0,0,4
544,43,9,2,2,6,1,0,1,1,0,0,0,0,0,2,0,0,0,0,0,0,5
545,43,9,2,2,6,1,0,1,0,0,0,0,0,0,2,1,0,0,0,0,0,5
546,43,9,2,2,6,1,0,1,0,0,0,0,0,0,2,1,0,0,0,0,0,5
547,43,9,2,2,6,1,0,1,0,0,0,0,0,0,2,1,0,0,0,0,0,5
548,43,9,2,2,6,1,0,1,0,0,0,0,0,0,2,1,0,0,0,0,0,5
549,43,9,2,2,6,1,0,1,0,0,0,0,0,0,2,1,0,0,0,0,0,5
550,43,9,2,2,6,1,0,1,0,0,0,0,0,0,2,1,0,0,0,0,0,5
551,43,9,2,2,6,1,0,1,0,0,0,0,0,0,2,1,0,0,0,0,0,5
552,43,9,2,2,6,1,0,2,0,0,0,0,0,0,2,0,0,0,0,0,0,5
553,43,9,2,2,6,1,0,2,0,0,0,0,0,0,2,0,0,0,0,0,0,5
554,43,9,2,2,6,1,0,2,0,0,0,0,0,0,2,0,0,0,0,0,0,5
555,43,9,2,2,6,1,0,2,0,0,0,0,0,0,2,0,0,0,0,0,0,5
556,43,9,2,2,6,1,0,2,0,0,0,0,0,0,2,0,0,0,0,0,0,5
557,43,9,2,2,6,1,0,2,1,0,0,0,0,0,1,0,0,0,0,0,0,5
558,43,9,2,2,6,1,0,2,1,0,0,0,0,0,1,0,0,0,0,0,0,5
559,43,9,2,2,6,1,0,2,1,0,0,0,0,0,1,0,0,0,0,0,0,5
560,43,9,2,2,6,1,0,2,2,0,0,0,0,0,0,0,0,0,0,0,0,5
561,43,9,2,2,6,1,0,2,2,0,0,0,0,0,0,0,0,0,0,0,0,5
562,43,9,2,2,6,1,0,2,2,0,0,0,0,0,0,0,0,0,0,0,0,5
563,43,9,2,2,6,1,0,2,2,0,0,0,0,0,0,0,0,0,0,0,0,5
564,43,9,2,2,6,1,0,2,1,0,0,0,0,0,0,0,0,0,1,0,0,5
565,43,9,2,2,6,1,0,2,1,0,0,1,0,0,0,0,0,0,1,0,0,4
566,43,9,2,2,6,1,0,2,1,0,0,1,0,0,0,0,0,0,1,0,0,4
567,43,9,2,2,6,1,0,2,0,0,0,1,0,0,0,0,0,0,2,0,0,4
568,43,9,2,2,6,1,0,2,0,0,0,2,0,0,0,0,0,0,2,0,0,3
569,43,9,2,2,6,1,0,2,0,0,0,2,0,0,0,0,0,0,2,0,0,3
570,43,9,2,2,6,1,0,2,0,0,0,2,0,0,0,0,0,0,2,0,0,3
571,43,9,2,2,6,1,0,2,0,0,0,2,0,0,0,0,0,0,2,0,0,3
572,43,9,2,2,6,1,0,2,1,0,0,2,0,0,0,0,0,0,1,0,0,3
573,43,9,2,2,6,2,0,2,1,0,0,1,0,0,0,0,0,0,1,0,0,3
574,43,9,2,2,6,2,0,2,2,0,0,1,0,0,0,0,0,0,0,0,0,3
575,43,9,2,2,6,3,0,2,2,0,0,0,0,0,0,0,0,0,0,0,0,3
576,43,9,2,2,6,3,0,2,2,0,0,0,0,0,0,0,0,0,0,0,0,3
577,43,9,2,2,6,3,0,2,2,0,0,0,0,0,0,0,0,0,0,0,0,3
578,43,9,2,2,6,3,0,2,2,0,0,0,0,0,0,0,0,0,0,0,0,3
579,43,9,2,2,6,3,0,2,2,0,0,0,0,0,0,0,0,0,0,0,0,3
580,43,9,2,2,6,3,0,2,2,0,0,0,0,0,0,0,0,0,0,0,0,3
581,43,9,2,2,6,3,0,2,2,0,0,0,0,0,0,0,0,0,0,0,0,3
582,43,9,2,2,6,3,0,2,2,0,0,0,0,0,0,0,0,0,0,0,0,3
583,43,9,2,2,6,3,0,2,2,0,0,0,0,0,0,0,0,0,0,0,0,3
584,43,9,2,2,6,3,0,2,2,0,0,0,0,0,0,0,0,0,0,0,0,3
585,43,9,2,2,6,3,0,2,1,0,0,0,0,0,0,0,0,0,1,0,0,3
586,43,9,2,2,6,3,0,2,1,0,0,1,0,0,0,0,0,0,1,0,0,2
587,43,9,2,2,6,3,0,2,1,0,0,1,0,0,0,0,0,0,1,0,0,2
588,43,9,2,2,6,3,0,2,0,0,0,1,0,0,0,0,0,0,2,0,0,2
589,43,9,2,2,6,3,0,2,0,0,0,2,0,0,0,0,0,0,2,0,0,1
590,43,9,2,2,6,3,0,2,0,0,0,2,0,0,0,0,0,0,2,0,0,1
591,43,9,2,2,6,3,0,2,0,0,0,2,0,0,0,0,0,0,2,0,0,1
592,43,9,2,2,6,3,0,2,0,0,0,2,0,0,0,0,0,0,2,0,0,1
593,43,9,2,2,6,3,0,2,1,0,0,2,0,0,0,0,0,0,1,0,0,1
594,43,9,2,2,6,4,0,2,1,0,0,1,0,0,0,0,0,0,1,0,0,1
595,43,9,2,2,6,4,0,2,1,0,0,1,0,0,0,0,0,0,1,0,0,1
596,43,9,2,2,6,4,0,2,2,0,0,1,0,0,0,0,0,0,0,0,0,1
597,43,9,2,2,6,5,0,2,2,0,0,0,0,0,0,0,0,0,0,0,0,1
598,43,9,2,2,6,4,0,1,3,0,0,0,0,0,0,0,0,0,0,0,1,1
599,43,9,2,2,6,4,0,1,2,0,0,0,0,0,0,1,0,0,0,0,1,1
600,43,9,2,2,6,4,0,1,2,0,0,0,0,0,0,1,0,0,0,0,1,1
601,43,9,2,2,6,4,0,1,2,0,0,0,0,0,0,1,0,0,0,0,1,1
602,43,9,2,2,6,4,0,1,2,0,0,0,0,0,0,1,0,0,0,0,1,1
603,43,9,2,2,6,4,0,1,2,0,0,0,0,0,0,1,0,0,0,0,1,1
604,43,9,2,2,6,4,0,1,1,0,0,0,0,0,0,1,0,1,0,0,1,1
605,43,9,2,2,6,4,0,1,0,0,1,0,0,0,0,1,0,1,1,0,0,1
606,43,9,2,2,6,4,0,1,0,0,1,1,0,0,0,1,0,1,1,0,0,0
607,43,9,2,2,6,4,0,1,0,0,1,1,0,0,0,1,0,1,1,0,0,0
608,43,9,2,2,6,4,0,1,0,0,1,1,0,0,0,1,0,1,1,0,0,0
609,43,9,2,2,6,4,0,1,0,0,1,1,0,0,0,1,0,1,1,0,0,0
610,43,9,2,2,6,4,0,1,0,0,1,1,0,0,0,1,0,1,1,0,0,0
611,43,9,2,2,6,4,0,1,1,0,1,1,0,0,0,1,0,1,0,0,0,0
612,43,9,2,2,6,5,0,1,1,0,1,0,0,0,0,1,0,1,0,0,0,0
613,43,9,2,2,6,5,0,1,1,0,1,0,0,0,0,1,0,1,0,0,0,0
614,43,9,2,2,6,5,0,1,1,0,1,0,0,0,0,1,0,1,0,0,0,0
615,43,9,2,2,6,5,0,1,0,0,1,0,0,0,0,2,0,1,0,0,0,0
616,43,9,2,2,6,5,0,1,0,0,1,0,0,0,0,2,0,1,0,0,0,0
617,43,9,2,2,6,5,0,1,0,0,1,0,0,0,0,2,0,1,0,0,0,0
618,43,9,2,2,6,5,0,1,0,0,1,0,0,0,0,2,0,1,0,0,0,0
619,43,9,2,2,6,5,0,1,0,0,1,0,0,0,0,2,0,1,0,0,0,0
620,43,9,2,2,6,5,0,1,0,0,1,0,0,0,0,2,0,1,0,0,0,0
621,43,9,2,2,6,5,0,1,0,0,1,0,0,0,0,2,0,1,0,0,0,0
622,43,9,2,2,6,5,0,1,0,0,1,0,0,0,0,2,0,1,0,0,0,0
623,43,9,2,2,6,5,0,1,0,0,1,0,0,0,0,2,0,1,0,0,0,0
624,43,9,2,2,6,5,0,1,0,0,1,0,0,0,0,2,0,1,0,0,0,0
625,43,9,2,2,6,5,1,1,0,0,1,0,0,0,0,1,0,1,0,0,0,0
626,43,9,2,2,6,5,1,1,0,0,1,0,0,0,0,1,0,1,0,0,0,0
627,43,9,2,2,6,5,1,1,0,0,1,0,0,0,0,1,0,1,0,0,0,0
628,43,9,2,2,6,5,1,1,0,0,1,0,0,0,0,1,0,1,0,0,0,0
629,43,9,2,2,6,5,1,1,0,0,1,0,0,0,0,1,0,1,0,0,0,0
630,43,9,2,2,6,5,1,1,0,0,1,0,0,0,0,1,0,1,0,0,0,0
631,43,9,2,2,6,5,1,1,1,0,1,0,0,0,0,1,0,0,0,0,0,0
632,43,9,2,2,6,6,1,1,1,0,0,0,0,0,0,1,0,0,0,0,0,0
633,43,9,2,2,6,6,1,1,1,0,0,0,0,0,0,1,0,0,0,0,0,0
634,43,9,2,2,6,6,1,1,1,0,0,0,0,0,0,1,0,0,0,0,0,0
635,43,9,2,2,6,6,1,1,1,0,0,0,0,0,0,1,0,0,0,0,0,0
636,43,9,2,2,6,6,1,1,1,0,0,0,0,0,0,1,0,0,0,0,0,0
637,43,9,2,2,6,6,1,1,0,0,0,0,0,0,0,2,0,0,0,0,0,0
638,43,9,2,2,6,6,1,1,0,0,0,0,0,0,0,2,0,0,0,0,0,0
639,43,9,2,2,6,6,1,1,0,0,0,0,0,0,0,2,0,0,0,0,0,0
640,43,9,2,2,6,6,1,1,0,0,0,0,0,0,0,2,0,0,0,0,0,0
641,43,9,2,2,6,6,1,1,0,0,0,0,0,0,0,2,0,0,0,0,0,0
642,43,9,2,2,6,6,1,1,0,0,0,0,0,0,0,2,0,0,0,0,0,0
643,43,9,2,2,6,6,1,1,0,0,0,0,0,0,0,2,0,0,0,0,0,0
644,43,9,2,2,6,6,1,1,0,0,0,0,0,0,0,2,0,0,0,0,0,0
645,43,9,2,2,6,6,1,1,0,0,0,0,0,0,0,2,0,0,0,0,0,0
646,43,9,2,2,6,5,1,1,1,0,0,0,0,0,0,1,0,0,0,0,1,0
647,43,9,2,2,6,4,1,1,2,0,0,0,0,0,0,0,0,0,0,0,1,1
648,43,9,2,2,6,4,1,1,2,0,0,0,0,0,0,0,0,0,0,0,1,1
649,43,9,2,2,6,3,1,1,2,0,0,0,0,0,0,0,0,0,0,0,1,2
650,43,9,2,2,6,3,1,1,1,0,0,0,0,0,0,0,0,1,0,0,1,2
651,43,9,2,2,6,3,1,1,1,0,1,0,0,0,0,0,0,1,0,0,0,2
652,43,9,2,2,6,3,1,1,1,0,1,0,0,0,0,0,0,1,0,0,0,2
653,43,9,2,2,6,3,1,1,1,0,1,0,0,0,0,0,0,1,0,0,0,2
654,43,9,2,2,6,3,1,1,1,0,1,0,0,0,0,0,0,1,0,0,0,2
655,43,9,2,2,6,2,0,1,2,0,1,0,0,0,0,0,0,1,0,0,0,3
656,43,9,2,2,6,1,0,1,1,0,1,0,0,0,0,0,0,1,1,0,0,4
657,43,9,2,2,6,1,0,1,1,0,1,1,0,0,0,0,0,1,1,0,0,3
658,43,9,2,2,6,1,0,1,1,0,1,1,0,0,0,0,0,1,1,0,0,3
659,43,9,2,2,6,1,0,1,1,0,1,1,0,0,0,0,0,1,1,0,0,3
660,43,9,2,2,6,1,0,1,1,0,1,1,0,0,0,0,0,1,1,0,0,3
661,43,9,2,2,6,1,0,1,1,0,1,1,0,0,0,0,0,1,1,0,0,3
662,43,9,2,2,6,1,0,1,1,0,1,1,0,0,0,0,0,1,1,0,0,3
663,43,9,2,2,6,1,0,1,1,0,1,1,0,0,0,0,0,1,1,0,0,3
664,43,9,2,2,6,1,0,1,1,0,1,1,0,0,0,0,0,1,1,0,0,3
665,43,9,2,2,6,1,0,1,1,0,1,1,0,0,0,0,0,1,1,0,0,3
666,43,9,2,2,6,1,0,1,1,0,1,1,0,0,0,0,0,1,1,0,0,3
667,43,9,2,2,6,1,0,1,1,0,1,1,0,0,0,0,0,1,1,0,0,3
668,43,9,2,2,6,1,0,1,1,0,1,1,0,0,0,0,0,1,1,0,0,3
669,43,9,2,2,6,1,0,1,1,0,1,1,0,0,0,0,0,1,1,0,0,3
670,43,9,2,2,6,1,0,1,1,0,1,1,0,0,0,0,0,1,1,0,0,3
671,43,9,2,2,6,1,0,1,2,0,1,1,0,0,0,0,0,1,0,0,0,3
672,43,9,2,2,6,2,0,1,2,0,1,0,0,0,0,0,0,1,0,0,0,3
673,43,9,2,2,6,2,0,1,2,0,1,0,0,0,0,0,0,1,0,0,0,3
674,43,9,2,2,6,2,0,1,2,0,1,0,0,0,0,0,0,1,0,0,0,3
675,43,9,2,2,6,2,0,1,2,0,1,0,0,0,0,0,0,1,0,0,0,3
676,43,9,2,2,6,2,0,1,2,0,1,0,0,0,0,0,0,1,0,0,0,3
677,43,9,2,2,6,2,0,1,1,0,1,0,0,0,0,0,0,1,1,0,0,3
678,43,9,2,2,6,2,0,1,2,0,1,1,0,0,0,0,0,0,1,0,0,2
679,43,9,2,2,6,3,0,1,2,0,0,1,0,0,0,0,0,0,1,0,0,2
680,43,9,2,2,6,3,0,1,2,0,0,1,0,0,0,0,0,0,1,0,0,2
681,43,9,2,2,6,3,0,1,2,0,0,1,0,0,0,0,0,0,1,0,0,2
682,43,9,2,2,6,3,0,1,1,0,0,1,0,0,0,1,0,0,1,0,0,2
683,43,9,2,2,6,3,0,1,1,0,0,1,0,0,0,1,0,0,1,0,0,2
684,43,9,2,2,6,3,0,1,0,0,0,1,0,0,0,1,0,0,2,0,0,2
685,43,9,2,2,6,3,0,1,1,0,0,2,0,0,0,1,0,0,1,0,0,1
686,43,9,2,2,6,4,0,1,1,0,0,1,0,0,0,1,0,0,1,0,0,1
687,43,9,2,2,6,4,0,1,1,0,0,1,0,0,0,1,0,0,1,0,0,1
688,43,9,2,2,6,4,0,1,1,0,0,1,0,0,0,1,0,0,1,0,0,1
689,43,9,2,2,6,4,0,2,1,0,0,1,0,0,0,0,0,0,1,0,0,1
690,43,9,2,2,6,4,0,2,1,0,0,1,0,0,0,0,0,0,1,0,0,1
691,43,9,2,2,6,4,0,2,1,0,0,1,0,0,0,0,0,0,1,0,0,1
692,43,9,2,2,6,4,0,2,2,0,0,1,0,0,0,0,0,0,0,0,0,1
693,43,9,2,2,6,5,0,2,2,0,0,0,0,0,0,0,0,0,0,0,0,1
694,43,9,2,2,6,4,0,2,1,0,0,0,0,0,0,0,0,0,1,0,0,2
695,43,9,2,2,6,4,0,2,1,0,0,1,0,0,0,0,0,0,1,0,0,1
696,43,9,2,2,6,4,0,2,1,0,0,1,0,0,0,0,0,0,1,0,0,1
697,43,9,2,2,6,4,0,2,1,0,0,1,0,0,0,0,0,0,1,0,0,1
698,43,9,2,2,6,4,0,2,1,0,0,1,0,0,0,0,0,0,1,0,0,1
699,43,9,2,2,6,4,0,2,1,0,0,1,0,0,0,0,0,0,1,0,0,1
700,43,9,2,2,6,4,0,2,2,0,0,1,0,0,0,0,0,0,0,0,0,1
701,43,9,2,2,6,5,0,2,2,0,0,0,0,0,0,0,0,0,0,0,0,1
702,43,9,2,2,6,5,0,2,2,0,0,0,0,0,0,0,0,0,0,0,0,1
703,43,9,2,2,6,5,0,2,1,0,0,0,0,0,0,0,0,0,1,0,0,1
704,43,9,2,2,6,5,0,2,0,0,0,1,0,0,0,1,0,0,1,0,0,0
705,43,9,2,2,6,5,0,2,0,0,0,1,0,0,0,1,0,0,1,0,0,0
706,43,9,2,2,6,5,0,2,0,0,0,1,0,0,0,1,0,0,1,0,0,0
707,43,9,2,2,6,5,0,2,0,0,0,1,0,0,0,1,0,0,1,0,0,0
708,43,9,2,2,6,4,0,1,1,0,0,1,0,0,0,1,0,0,1,0,1,0
709,43,9,2,2,6,4,0,1,1,0,0,1,0,0,0,1,0,0,1,0,1,0
710,43,9,2,2,6,4,0,1,2,0,0,1,0,0,0,1,0,0,0,0,1,0
711,43,9,2,2,6,5,0,1,2,0,0,0,0,0,0,1,0,0,0,0,1,0
712,43,9,2,2,6,5,0,1,2,0,0,0,0,0,0,1,0,0,0,0,1,0
713,43,9,2,2,6,5,0,1,2,0,0,0,0,0,0,1,0,0,0,0,1,0
714,43,9,2,2,6,5,0,1,0,0,0,0,0,0,0,2,0,1,0,0,1,0
715,43,9,2,2,6,5,0,1,0,0,1,0,0,0,0,2,0,1,0,0,0,0
716,43,9,2,2,6,5,0,1,0,0,1,0,0,0,0,2,0,1,0,0,0,0
717,43,9,2,2,6,5,0,1,0,0,1,0,0,0,0,2,0,1,0,0,0,0
718,43,9,2,2,6,5,0,1,0,0,1,0,0,0,0,2,0,1,0,0,0,0
719,43,9,2,2,6,5,0,1,0,0,1,0,0,0,0,2,0,1,0,0,0,0
720,43,9,2,2,6,5,0,1,0,0,1,0,0,0,0,2,0,1,0,0,0,0
721,43,9,2,2,6,5,0,1,0,0,1,0,0,0,0,2,0,1,0,0,0,0
722,43,9,2,2,6,5,0,1,0,0,1,0,0,0,0,2,0,1,0,0,0,0
723,43,9,2,2,6,5,0,1,0,0,1,0,0,0,0,2,0,1,0,0,0,0
724,43,9,2,2,6,5,0,1,0,0,1,0,0,0,0,2,0,1,0,0,0,0
725,43,9,2,2,6,5,0,1,0,0,1,0,0,0,0,2,0,1,0,0,0,0
726,43,9,2,2,6,4,0,0,1,0,1,0,0,0,0,2,0,1,0,0,1,0
727,43,9,2,2,6,4,1,0,1,0,1,0,0,0,0,1,0,1,0,0,1,0
728,43,9,2,2,6,4,1,0,1,0,1,0,0,0,0,1,0,1,0,0,1,0
729,43,9,2,2,6,4,1,0,1,0,1,0,0,0,0,1,0,1,0,0,1,0
730,43,9,2,2,6,4,1,0,1,0,1,0,0,0,0,1,0,1,0,0,1,0
731,43,9,2,2,6,4,1,0,1,0,1,0,0,0,0,1,0,1,0,0,1,0
732,43,9,2,2,6,4,1,0,0,0,1,0,0,0,0,1,0,2,0,0,1,0
733,43,9,2,2,6,4,1,0,0,0,2,0,0,0,0,1,0,2,0,0,0,0
734,43,9,2,2,6,4,1,0,0,0,2,0,0,0,0,1,0,2,0,0,0,0
735,43,9,2,2,6,4,1,0,0,0,2,0,0,0,0,1,0,2,0,0,0,0
736,43,9,2,2,6,4,1,0,0,0,2,0,0,0,0,1,0,2,0,0,0,0
737,43,9,2,2,6,4,1,0,0,0,2,0,0,0,0,1,0,2,0,0,0,0
738,43,9,2,2,6,4,1,0,0,0,2,0,0,0,0,1,0,2,0,0,0,0
739,43,9,2,2,6,4,2,0,1,0,2,0,0,0,0,0,0,1,0,0,0,0
740,43,9,2,2,6,5,2,0,1,0,1,0,0,0,0,0,0,1,0,0,0,0
741,43,9,2,2,6,5,2,0,1,0,1,0,0,0,0,0,0,1,0,0,0,0
742,43,9,2,2,6,5,2,0,1,0,1,0,0,0,0,0,0,1,0,0,0,0
743,43,9,2,2,6,5,2,0,1,0,1,0,0,0,0,0,0,1,0,0,0,0
744,43,9,2,2,6,5,2,0,1,0,1,0,0,0,0,0,0,1,0,0,0,0
745,43,9,2,2,6,5,2,0,0,0,1,0,0,0,0,1,0,1,0,0,0,0
746,43,9,2,2,6,5,2,0,0,0,1,0,0,0,0,1,0,1,0,0,0,0
747,43,9,2,2,6,5,2,0,0,0,1,0,0,0,0,1,0,1,0,0,0,0
748,43,9,2,2,6,5,2,0,0,0,1,0,0,0,0,1,0,1,0,0,0,0
749,43,9,2,2,6,5,2,0,0,0,1,0,0,0,0,1,0,1,0,0,0,0
750,43,9,2,2,6,5,2,0,0,0,1,0,0,0,0,1,0,1,0,0,0,0
751,43,9,2,2,6,5,2,0,0,0,1,0,0,0,0,1,0,1,0,0,0,0
752,43,9,2,2,6,5,2,0,0,0,1,0,0,0,0,1,0,1,0,0,0,0
753,43,9,2,2,6,5,2,1,0,0,1,0,0,0,0,0,0,1,0,0,0,0
754,43,9,2,2,6,5,2,1,0,0,1,0,0,0,0,0,0,1,0,0,0,0
755,43,9,2,2,6,5,2,1,0,0,1,0,0,0,0,0,0,1,0,0,0,0
756,43,9,2,2,6,5,2,1,1,0,1,0,0,0,0,0,0,0,0,0,0,0
757,43,9,2,2,6,6,2,1,1,0,0,0,0,0,0,0,0,0,0,0,0,0
758,43,9,2,2,6,6,2,1,1,0,0,0,0,0,0,0,0,0,0,0,0,0
759,43,9,2,2,6,6,2,1,1,0,0,0,0,0,0,0,0,0,0,0,0,0
760,43,9,2,2,6,6,2,1,1,0,0,0,0,0,0,0,0,0,0,0,0,0
761,43,9,2,2,6,6,2,1,1,0,0,0,0,0,0,0,0,0,0,0,0,0
762,43,9,2,2,6,6,2,1,0,0,0,0,0,0,0,1,0,0,0,0,0,0
763,43,9,2,2,6,6,2,1,0,0,0,0,0,0,0,1,0,0,0,0,0,0
764,43,9,2,2,6,6,2,1,0,0,0,0,0,0,0,1,0,0,0,0,0,0
765,43,9,2,2,6,6,2,1,0,0,0,0,0,0,0,1,0,0,0,0,0,0
766,43,9,2,2,6,6,2,1,0,0,0,0,0,0,0,1,0,0,0,0,0,0
767,43,9,2,2,6,5,1,1,1,0,0,0,0,0,0,1,0,0,0,0,0,1
768,43,9,2,2,6,5,1,1,1,0,0,0,0,0,0,1,0,0,0,0,0,1
769,43,9,2,2,6,4,1,1,1,0,0,0,0,0,0,1,0,0,0,0,0,2
770,43,9,2,2,6,4,1,2,1,0,0,0,0,0,0,0,0,0,0,0,0,2
771,43,9,2,2,6,4,1,2,1,0,0,0,0,0,0,0,0,0,0,0,0,2
772,43,9,2,2,6,4,1,2,1,0,0,0,0,0,0,0,0,0,0,0,0,2
773,43,9,2,2,6,4,1,2,1,0,0,0,0,0,0,0,0,0,0,0,0,2
774,43,9,2,2,6,4,1,2,1,0,0,0,0,0,0,0,0,0,0,0,0,2
775,43,9,2,2,6,3,0,2,2,0,0,0,0,0,0,0,0,0,0,0,0,3
776,43,9,2,2,6,2,0,2,1,0,0,0,0,0,0,0,0,0,1,0,0,4
777,43,9,2,2,6,2,0,2,1,0,0,1,0,0,0,0,0,0,1,0,0,3
778,43,9,2,2,6,2,0,2,1,0,0,1,0,0,0,0,0,0,1,0,0,3
779,43,9,2,2,6,2,0,2,1,0,0,1,0,0,0,0,0,0,1,0,0,3
780,43,9,2,2,6,2,0,2,1,0,0,1,0,0,0,0,0,0,1,0,0,3
781,43,9,2,2,6,2,0,2,1,0,0,1,0,0,0,0,0,0,1,0,0,3
782,43,9,2,2,6,2,0,2,1,0,0,1,0,0,0,0,0,0,1,0,0,3
783,43,9,2,2,6,2,0,2,1,0,0,1,0,0,0,0,0,0,1,0,0,3
784,43,9,2,2,6,2,0,2,1,0,0,1,0,0,0,0,0,0,1,0,0,3
785,43,9,2,2,6,2,0,2,1,0,0,1,0,0,0,0,0,0,1,0,0,3
786,43,9,2,2,6,2,0,2,1,0,0,1,0,0,0,0,0,0,1,0,0,3
787,43,9,2,2,6,2,0,2,1,0,0,1,0,0,0,0,0,0,1,0,0,3
788,43,9,2,2,6,2,0,2,1,0,0,1,0,0,0,0,0,0,1,0,0,3
789,43,9,2,2,6,2,0,2,1,0,0,1,0,0,0,0,0,0,1,0,0,3
790,43,9,2,2,6,2,0,2,1,0,0,1,0,0,0,0,0,0,1,0,0,3
791,43,9,2,2,6,2,0,2,2,0,0,1,0,0,0,0,0,0,0,0,0,3
792,43,9,2,2,6,3,0,2,2,0,0,0,0,0,0,0,0,0,0,0,0,3
793,43,9,2,2,6,3,0,2,2,0,0,0,0,0,0,0,0,0,0,0,0,3
794,43,9,2,2,6,3,0,2,2,0,0,0,0,0,0,0,0,0,0,0,0,3
795,43,9,2,2,6,3,0,2,2,0,0,0,0,0,0,0,0,0,0,0,0,3
796,43,9,2,2,6,3,0,2,2,0,0,0,0,0,0,0,0,0,0,0,0,3
797,43,9,2,2,6,3,0,2,1,0,0,0,0,0,0,0,0,0,1,0,0,3
798,43,9,2,2,6,3,0,2,1,0,0,1,0,0,0,0,0,0,1,0,0,2
799,43,9,2,2,6,3,0,2,1,0,0,1,0,0,0,0,0,0,1,0,0,2
800,43,9,2,2,6,3,0,2,1,0,0,1,0,0,0,0,0,0,1,0,0,2
801,43,9,2,2,6,3,0,2,1,0,0,1,0,0,0,0,0,0,1,0,0,2
802,43,9,2,2,6,3,0,2,1,0,0,1,0,0,0,0,0,0,1,0,0,2
803,43,9,2,2,6,3,0,2,1,0,0,1,0,0,0,0,0,0,1,0,0,2
804,43,9,2,2,6,3,0,2,0,0,0,1,0,0,0,0,0,0,2,0,0,2
805,43,9,2,2,6,3,0,2,1,0,0,2,0,0,0,0,0,0,1,0,0,1
806,43,9,2,2,6,4,0,2,1,0,0,1,0,0,0,0,0,0,1,0,0,1
807,43,9,2,2,6,4,0,2,1,0,0,1,0,0,0,0,0,0,1,0,0,1
808,43,9,2,2,6,4,0,2,1,0,0,1,0,0,0,0,0,0,1,0,0,1
809,43,9,2,2,6,4,0,2,1,0,0,1,0,0,0,0,0,0,1,0,0,1
810,43,9,2,2,6,4,0,2,1,0,0,1,0,0,0,0,0,0,1,0,0,1
811,43,9,2,2,6,4,0,2,1,0,0,1,0,0,0,0,0,0,1,0,0,1
812,43,9,2,2,6,4,0,2,2,0,0,1,0,0,0,0,0,0,0,0,0,1
813,43,9,2,2,6,5,0,2,2,0,0,0,0,0,0,0,0,0,0,0,0,1
814,43,9,2,2,6,4,0,2,1,0,0,0,0,0,0,0,0,0,1,0,0,2
815,43,9,2,2,6,4,0,2,1,0,0,1,0,0,0,0,0,0,1,0,0,1
816,43,9,2,2,6,4,0,2,1,0,0,1,0,0,0,0,0,0,1,0,0,1
817,43,9,2,2,6,4,0,2,1,0,0,1,0,0,0,0,0,0,1,0,0,1
818,43,9,2,2,6,4,0,2,1,0,0,1,0,0,0,0,0,0,1,0,0,1
819,43,9,2,2,6,4,0,2,1,0,0,1,0,0,0,0,0,0,1,0,0,1
820,43,9,2,2,6,4,0,2,2,0,0,1,0,0,0,0,0,0,0,0,0,1
821,43,9,2,2,6,4,0,1,3,0,0,0,0,0,0,0,0,0,0,0,1,1
822,43,9,2,2,6,4,0,1,3,0,0,0,0,0,0,0,0,0,0,0,1,1
823,43,9,2,2,6,4,0,1,2,0,0,0,0,0,0,0,0,0,1,0,1,1
824,43,9,2,2,6,4,0,1,1,0,0,1,0,0,0,1,0,0,1,0,1,0
825,43,9,2,2,6,4,0,1,0,0,0,1,0,0,0,1,0,1,1,0,1,0
826,43,9,2,2,6,4,0,1,0,0,1,1,0,0,0,1,0,1,1,0,0,0
827,43,9,2,2,6,4,0,1,0,0,1,1,0,0,0,1,0,1,1,0,0,0
828,43,9,2,2,6,4,0,1,0,0,1,1,0,0,0,1,0,1,1,0,0,0
829,43,9,2,2,6,4,0,1,0,0,1,1,0,0,0,1,0,1,1,0,0,0
830,43,9,2,2,6,4,0,1,1,0,1,1,0,0,0,1,0,1,0,0,0,0
831,43,9,2,2,6,5,0,1,1,0,1,0,0,0,0,1,0,1,0,0,0,0
832,43,9,2,2,6,5,0,1,1,0,1,0,0,0,0,1,0,1,0,0,0,0
833,43,9,2,2,6,5,0,1,1,0,1,0,0,0,0,1,0,1,0,0,0,0
834,43,9,2,2,6,5,0,1,0,0,1,0,0,0,0,2,0,1,0,0,0,0
835,43,9,2,2,6,5,0,1,0,0,1,0,0,0,0,2,0,1,0,0,0,0
836,43,9,2,2,6,5,0,1,0,0,1,0,0,0,0,2,0,1,0,0,0,0
837,43,9,2,2,6,5,0,1,0,0,1,0,0,0,0,2,0,1,0,0,0,0
838,43,9,2,2,6,5,0,1,0,0,1,0,0,0,0,2,0,1,0,0,0,0
839,43,9,2,2,6,5,0,1,0,0,1,0,0,0,0,2,0,1,0,0,0,0
840,43,9,2,2,6,5,0,1,0,0,1,0,0,0,0,2,0,1,0,0,0,0
841,43,9,2,2,6,5,0,1,0,0,1,0,0,0,0,2,0,1,0,0,0,0
842,43,9,2,2,6,5,0,1,0,0,1,0,0,0,0,2,0,1,0,0,0,0
843,43,9,2,2,6,5,0,1,0,0,1,0,0,0,0,2,0,1,0,0,0,0
844,43,9,2,2,6,5,0,1,0,0,1,0,0,0,0,2,0,1,0,0,0,0
845,43,9,2,2,6,5,0,1,0,0,1,0,0,0,0,2,0,1,0,0,0,0
846,43,9,2,2,6,5,0,1,0,0,1,0,0,0,0,2,0,1,0,0,0,0
847,43,9,2,2,6,4,1,0,1,0,1,0,0,0,0,1,0,1,0,0,1,0
848,43,9,2,2,6,4,1,0,1,0,1,0,0,0,0,1,0,1,0,0,1,0
849,43,9,2,2,6,4,1,0,2,0,1,0,0,0,0,1,0,0,0,0,1,0
850,43,9,2,2,6,5,1,0,2,0,0,0,0,0,0,1,0,0,0,0,1,0
851,43,9,2,2,6,5,1,0,2,0,0,0,0,0,0,1,0,0,0,0,1,0
852,43,9,2,2,6,5,1,0,2,0,0,0,0,0,0,1,0,0,0,0,1,0
853,43,9,2,2,6,5,1,0,0,0,0,0,0,0,0,2,0,1,0,0,1,0
854,43,9,2,2,6,5,1,0,0,0,1,0,0,0,0,2,0,1,0,0,0,0
855,43,9,2,2,6,5,1,0,0,0,1,0,0,0,0,2,0,1,0,0,0,0
856,43,9,2,2,6,5,2,0,0,0,1,0,0,0,0,1,0,1,0,0,0,0
857,43,9,2,2,6,5,2,0,0,0,1,0,0,0,0,1,0,1,0,0,0,0
858,43,9,2,2,6,5,2,0,0,0,1,0,0,0,0,1,0,1,0,0,0,0
859,43,9,2,2,6,5,2,0,0,0,1,0,0,0,0,1,0,1,0,0,0,0
860,43,9,2,2,6,5,2,0,0,0,1,0,0,0,0,1,0,1,0,0,0,0
861,43,9,2,2,6,5,2,0,0,0,1,0,0,0,0,1,0,1,0,0,0,0
862,43,9,3,2,6,5,2,1,0,0,1,0,1,0,0,0,0,1,0,0,0,0
863,43,9,2,2,6,5,2,0,0,0,1,0,0,1,0,0,0,1,0,0,0,0
864,43,9,2,2,6,5,2,0,0,0,1,0,0,1,0,0,0,1,0,0,0,0
865,43,9,2,2,6,5,2,0,0,0,1,0,0,1,0,0,0,1,0,0,0,0
866,43,9,2,2,6,5,2,0,0,0,1,0,0,1,0,0,0,1,0,0,0,0
867,43,9,2,2,6,5,2,0,0,0,1,0,0,1,0,0,0,1,0,0,0,0
868,43,9,2,2,6,5,2,0,0,0,1,0,0,1,0,0,0,1,0,0,0,0
869,43,9,2,2,6,5,2,0,0,0,1,0,0,1,0,0,0,1,0,0,0,0
870,43,9,2,2,6,5,2,0,0,0,1,0,0,1,0,0,0,1,0,0,0,0
871,43,9,2,2,6,5,2,0,0,0,1,0,0,1,0,0,0,1,0,0,0,0
872,43,9,2,2,6,4,2,0,0,0,1,0,0,1,0,0,0,1,0,0,1,0
873,43,9,2,2,6,4,2,0,0,0,1,0,0,1,0,0,0,1,0,0,1,0
874,43,9,2,2,6,4,2,0,0,0,1,0,0,1,0,0,0,1,0,0,1,0
875,43,9,2,2,6,4,2,0,0,0,1,0,0,1,0,0,0,1,0,0,1,0
876,43,9,2,2,6,4,2,0,0,0,1,0,0,1,0,0,0,1,0,0,1,0
877,43,9,2,2,6,4,2,0,1,0,1,0,0,1,0,0,0,0,0,0,1,0
878,43,9,2,2,6,5,2,0,1,0,0,0,0,1,0,0,0,0,0,0,1,0
879,43,9,2,2,6,5,2,0,1,0,0,0,0,1,0,0,0,0,0,0,1,0
880,43,9,2,2,6,5,2,0,1,0,0,0,0,1,0,0,0,0,0,0,1,0
881,43,9,2,2,6,5,2,0,1,0,0,0,0,1,0,0,0,0,0,0,1,0
882,43,9,2,2,6,5,2,0,1,0,0,0,0,1,0,0,0,0,0,0,1,0
883,43,9,2,2,6,5,2,0,0,0,0,0,0,1,0,1,0,0,0,0,1,0
884,43,9,2,2,6,5,2,0,0,0,0,0,0,1,0,1,0,0,0,0,1,0
885,43,9,2,2,6,5,2,0,0,0,0,0,0,1,0,1,0,0,0,0,1,0
886,43,9,2,2,6,5,2,0,0,0,0,0,0,1,0,1,0,0,0,0,1,0
887,43,9,2,2,6,4,1,0,1,0,0,0,0,1,0,1,0,0,0,0,1,1
888,43,9,2,2,6,4,1,0,1,0,0,0,0,1,0,1,0,0,0,0,1,1
889,43,9,2,2,6,4,1,0,1,0,0,0,0,1,0,1,0,0,0,0,1,1
890,43,9,2,2,6,4,1,0,1,0,0,0,0,1,0,1,0,0,0,0,1,1
891,43,9,3,2,6,4,1,1,1,0,0,0,1,1,0,0,0,0,0,0,1,1
892,43,9,2,2,6,4,1,0,1,0,0,0,0,2,0,0,0,0,0,0,1,1
893,43,9,2,3,6,4,1,0,1,0,0,0,1,2,0,0,0,0,0,0,1,1
894,43,9,2,2,6,4,0,0,1,0,0,0,0,3,0,0,0,0,0,0,1,1
895,43,9,2,2,6,3,0,0,1,0,0,0,0,3,0,0,0,0,0,0,1,2
896,43,9,2,2,6,2,0,0,0,0,0,0,0,3,0,0,0,0,1,0,1,3
897,43,9,2,2,6,2,0,0,0,0,0,1,0,3,0,0,0,0,1,0,1,2
898,43,9,2,2,6,2,0,0,0,0,0,1,0,3,0,0,0,0,1,0,1,2
899,43,9,2,2,6,2,0,0,1,0,0,1,0,2,0,0,0,0,1,0,1,2
900,43,9,2,2,6,2,0,0,1,0,0,1,0,2,0,0,0,0,1,0,1,2
901,43,9,2,2,6,2,0,0,1,0,0,1,0,2,0,0,0,0,1,0,1,2
902,43,9,2,2,6,2,0,0,1,0,0,1,0,2,0,0,0,0,1,0,1,2
903,43,9,2,2,6,2,0,0,2,0,0,1,0,2,0,0,0,0,0,0,1,2
904,43,9,2,2,6,2,0,0,2,0,0,0,0,2,0,0,0,0,0,0,1,3
905,43,9,2,2,6,2,0,0,1,0,0,0,0,2,0,0,0,1,0,0,1,3
906,43,9,2,2,6,2,0,0,1,0,1,0,0,2,0,0,0,1,0,0,0,3
907,43,9,2,2,6,2,0,0,1,0,1,0,0,2,0,0,0,1,0,0,0,3
908,43,9,2,2,6,2,0,0,1,0,1,0,0,2,0,0,0,1,0,0,0,3
909,43,9,2,2,6,2,0,0,1,0,1,0,0,2,0,0,0,1,0,0,0,3
910,43,9,2,2,6,2,0,0,1,0,1,0,0,2,0,0,0,1,0,0,0,3
911,43,9,2,2,6,2,0,0,1,0,1,0,0,2,0,0,0,1,0,0,0,3
912,43,9,2,2,6,2,0,0,1,0,1,0,0,2,0,0,0,1,0,0,0,3
913,43,9,2,2,6,2,0,0,0,0,1,0,0,2,0,0,0,1,1,0,0,3
914,43,9,2,2,6,2,0,0,0,0,1,1,0,2,0,0,0,1,1,0,0,2
915,43,9,2,2,6,2,0,0,0,0,1,1,0,2,0,0,0,1,1,0,0,2
916,43,9,2,2,6,2,0,0,0,0,1,1,0,2,0,0,0,1,1,0,0,2
917,43,9,2,2,6,2,0,0,0,0,1,1,0,2,0,0,0,1,1,0,0,2
918,43,9,2,2,6,2,0,0,0,0,1,1,0,2,0,0,0,1,1,0,0,2
919,43,9,2,2,6,2,0,0,1,0,1,1,0,2,0,0,0,1,0,0,0,2
920,43,9,2,2,6,3,0,0,1,0,1,0,0,2,0,0,0,1,0,0,0,2
921,43,9,2,2,6,3,0,0,1,0,1,0,0,2,0,0,0,1,0,0,0,2
922,43,9,2,2,6,3,0,0,1,0,1,0,0,2,0,0,0,1,0,0,0,2
923,43,9,2,2,6,3,0,0,0,0,1,0,0,2,0,1,0,1,0,0,0,2
924,43,9,2,2,6,3,0,0,0,0,1,0,0,2,0,1,0,1,0,0,0,2
925,43,9,2,2,6,3,0,0,0,0,1,0,0,2,0,1,0,1,0,0,0,2
926,43,9,2,2,6,3,0,1,0,0,1,0,0,1,0,1,0,1,0,0,0,2
927,43,9,2,2,6,3,0,1,0,0,1,0,0,1,0,1,0,1,0,0,0,2
928,43,9,2,2,6,3,0,1,1,0,1,0,0,0,0,1,0,1,0,0,0,2
929,43,9,2,2,6,3,0,1,2,0,1,0,0,0,0,1,0,0,0,0,0,2
930,43,9,2,2,6,3,0,1,2,0,0,0,0,0,0,1,0,0,0,0,0,3
931,43,9,2,2,6,3,0,1,3,0,0,0,0,0,0,0,0,0,0,0,0,3
932,43,9,2,2,6,3,0,1,3,0,0,0,0,0,0,0,0,0,0,0,0,3
933,43,9,2,2,6,3,0,1,3,0,0,0,0,0,0,0,0,0,0,0,0,3
934,43,9,2,2,6,2,0,1,3,0,0,0,0,0,0,0,0,0,0,0,0,4
935,43,9,2,2,6,2,0,1,2,0,0,0,0,0,0,1,0,0,0,0,0,4
936,43,9,2,2,6,2,0,1,1,0,0,0,0,0,0,1,0,0,1,0,0,4
937,43,9,2,2,6,2,0,1,1,0,0,1,0,0,0,1,0,0,1,0,0,3
938,43,9,2,2,6,2,0,1,1,0,0,1,0,0,0,1,0,0,1,0,0,3
939,43,9,2,2,6,2,0,1,0,0,0,1,0,0,0,1,0,0,2,0,0,3
940,43,9,2,2,6,2,0,1,0,0,0,2,0,0,0,1,0,0,2,0,0,2
941,43,9,2,2,6,2,0,1,0,0,0,2,0,0,0,1,0,0,2,0,0,2
942,43,9,2,2,6,2,0,2,0,0,0,2,0,0,0,0,0,0,2,0,0,2
943,43,9,2,2,6,2,0,2,0,0,0,2,0,0,0,0,0,0,2,0,0,2
944,43,9,2,2,6,2,0,2,1,0,0,2,0,0,0,0,0,0,1,0,0,2
945,43,9,2,2,6,3,0,2,1,0,0,1,0,0,0,0,0,0,1,0,0,2
946,43,9,2,2,6,3,0,2,1,0,0,1,0,0,0,0,0,0,1,0,0,2
947,43,9,2,2,6,3,0,2,2,0,0,1,0,0,0,0,0,0,0,0,0,2
948,43,9,2,2,6,4,0,2,2,0,0,0,0,0,0,0,0,0,0,0,0,2
949,43,9,2,2,6,4,0,2,2,0,0,0,0,0,0,0,0,0,0,0,0,2
950,43,9,2,2,6,4,0,2,2,0,0,0,0,0,0,0,0,0,0,0,0,2
951,43,9,2,2,6,4,0,2,2,0,0,0,0,0,0,0,0,0,0,0,0,2
952,43,9,2,2,6,4,0,2,2,0,0,0,0,0,0,0,0,0,0,0,0,2
953,43,9,2,2,6,4,0,2,1,0,0,0,0,0,0,1,0,0,0,0,0,2
954,43,9,2,2,6,4,0,2,1,0,0,0,0,0,0,1,0,0,0,0,0,2
955,43,9,2,2,6,4,0,2,1,0,0,0,0,0,0,1,0,0,0,0,0,2
956,43,9,2,2,6,4,0,2,1,0,0,0,0,0,0,1,0,0,0,0,0,2
957,43,9,2,2,6,4,0,2,0,0,0,0,0,0,0,1,0,0,1,0,0,2
958,43,9,2,2,6,4,0,2,0,0,0,1,0,0,0,1,0,0,1,0,0,1
959,43,9,2,2,6,4,0,2,0,0,0,1,0,0,0,1,0,0,1,0,0,1
960,43,9,2,2,6,4,0,2,0,0,0,1,0,0,0,1,0,0,1,0,0,1
961,43,9,2,3,6,4,1,2,0,0,0,1,1,0,0,0,0,0,1,0,0,1
962,43,9,2,2,6,4,0,2,0,0,0,1,0,1,0,0,0,0,1,0,0,1
963,43,9,2,2,6,4,0,2,0,0,0,1,0,1,0,0,0,0,1,0,0,1
964,43,9,2,2,6,4,0,2,0,0,0,1,0,1,0,0,0,0,1,0,0,1
965,43,9,2,2,6,4,0,2,1,0,0,1,0,1,0,0,0,0,0,0,0,1
966,43,9,2,2,6,5,0,2,1,0,0,0,0,1,0,0,0,0,0,0,0,1
967,43,9,2,2,6,5,0,2,1,0,0,0,0,1,0,0,0,0,0,0,0,1
968,43,9,2,2,6,5,0,2,1,0,0,0,0,1,0,0,0,0,0,0,0,1
969,43,9,2,2,6,5,0,2,1,0,0,0,0,1,0,0,0,0,0,0,0,1
970,43,9,2,2,6,5,0,2,1,0,0,0,0,1,0,0,0,0,0,0,0,1
971,43,9,2,2,6,5,0,2,1,0,0,0,0,1,0,0,0,0,0,0,0,1
972,43,9,2,2,6,5,0,2,1,0,0,0,0,1,0,0,0,0,0,0,0,1
973,43,9,2,2,6,5,0,2,1,0,0,0,0,1,0,0,0,0,0,0,0,1
974,43,9,2,2,6,5,0,2,1,0,0,0,0,1,0,0,0,0,0,0,0,1
975,43,9,2,2,6,5,0,2,0,0,0,0,0,1,0,0,0,0,1,0,0,1
976,43,9,2,2,6,5,0,2,0,0,0,1,0,1,0,0,0,0,1,0,0,0
977,43,9,2,2,6,5,0,2,0,0,0,1,0,1,0,0,0,0,1,0,0,0
978,43,9,2,2,6,5,0,2,0,0,0,1,0,1,0,0,0,0,1,0,0,0
979,43,9,2,2,6,5,0,2,0,0,0,1,0,1,0,0,0,0,1,0,0,0
980,43,9,2,2,6,5,0,2,0,0,0,1,0,1,0,0,0,0,1,0,0,0
981,43,9,2,2,6,5,0,2,0,0,0,1,0,1,0,0,0,0,1,0,0,0
982,43,9,2,2,6,5,0,2,1,0,0,1,0,1,0,0,0,0,0,0,0,0
983,43,9,2,2,6,5,0,1,2,0,0,0,0,1,0,0,0,0,0,0,1,0
984,43,9,2,2,6,5,0,1,2,0,0,0,0,1,0,0,0,0,0,0,1,0
985,43,9,2,2,6,5,0,1,2,0,0,0,0,1,0,0,0,0,0,0,1,0
986,43,9,2,2,6,5,0,1,1,0,0,0,0,1,1,0,0,0,0,0,1,0
987,43,9,2,2,6,5,0,1,0,0,0,0,0,1,1,0,0,1,0,0,1,0
988,43,9,2,2,6,5,0,1,0,0,1,0,0,1,1,0,0,1,0,0,0,0
989,43,9,2,2,6,5,0,1,0,0,1,0,0,1,1,0,0,1,0,0,0,0
990,43,9,2,2,6,5,0,1,0,0,1,0,0,1,1,0,0,1,0,0,0,0
991,43,9,2,2,6,5,0,1,0,0,1,0,0,1,1,0,0,1,0,0,0,0
992,43,9,2,2,6,5,0,1,0,0,1,0,0,1,1,0,0,1,0,0,0,0
993,43,9,2,2,6,5,0,1,0,0,1,0,0,1,1,0,0,1,0,0,0,0
994,43,9,2,2,6,5,0,1,0,0,1,0,0,1,1,0,0,1,0,0,0,0
995,43,9,2,2,6,5,0,1,0,0,1,0,0,0,1,1,0,1,0,0,0,0
996,43,9,2,2,6,5,0,1,0,0,1,0,0,0,1,1,0,1,0,0,0,0
997,43,9,2,2,6,5,0,1,0,0,1,0,0,0,1,1,0,1,0,0,0,0
998,43,9,2,2,6,5,0,1,0,0,1,0,0,0,1,1,0,1,0,0,0,0
999,43,9,2,2,6,5,0,1,0,0,1,0,0,0,1,1,0,1,0,0,0,0
1000,43,9,2,2,6,5,0,1,0,0,1,0,0,0,1,1,0,1,0,0,0,0
1001,43,9,2,2,6,5,0,1,0,0,1,0,0,0,1,1,0,1,0,0,0,0
1002,43,9,2,2,6,5,0,1,0,0,1,0,0,0,1,1,0,1,0,0,0,0
1003,43,9,2,2,6,5,0,1,1,0,1,0,0,0,1,0,0,1,0,0,0,0
1004,43,9,2,2,6,5,0,1,1,0,1,0,0,0,1,0,0,1,0,0,0,0
1005,43,9,2,2,6,5,0,1,0,0,1,0,0,0,2,0,0,1,0,0,0,0
1006,43,9,2,2,6,4,0,0,1,0,1,0,0,0,2,0,0,1,0,0,1,0
1007,43,9,2,2,6,4,0,0,1,0,1,0,0,0,2,0,0,1,0,0,1,0
1008,43,9,2,2,6,4,0,0,1,0,1,0,0,0,2,0,0,1,0,0,1,0
1009,43,9,2,2,6,3,0,0,1,0,1,0,0,0,2,0,0,1,0,0,1,1
1010,43,9,2,2,6,3,0,0,1,0,1,0,0,0,2,0,0,1,0,0,1,1
1011,43,9,2,2,6,3,0,0,1,0,1,0,0,0,2,0,0,1,0,0,1,1
1012,43,9,2,2,6,3,0,0,0,0,1,0,0,0,2,0,0,2,0,0,1,1
1013,43,9,2,2,6,3,0,0,1,0,2,0,0,0,2,0,0,1,0,0,0,1
1014,43,9,2,2,6,4,0,0,1,0,1,0,0,0,2,0,0,1,0,0,0,1
1015,43,9,2,2,6,3,0,0,1,0,1,0,0,0,2,0,0,1,0,0,0,2
1016,43,9,2,2,6,2,0,0,1,0,1,0,0,0,2,0,0,1,0,0,0,3
1017,43,9,2,2,6,2,0,0,0,0,1,0,0,0,2,1,0,1,0,0,0,3
1018,43,9,2,2,6,2,0,0,0,0,1,0,0,0,2,1,0,1,0,0,0,3
1019,43,9,2,2,6,2,0,0,0,0,1,0,0,0,2,1,0,1,0,0,0,3
1020,43,9,2,2,6,2,0,0,0,0,1,0,0,0,2,1,0,1,0,0,0,3
1021,43,9,2,2,6,2,0,0,1,0,1,0,0,0,1,1,0,1,0,0,0,3
1022,43,9,2,2,6,2,0,0,1,0,1,0,0,0,1,1,0,1,0,0,0,3
1023,43,9,2,2,6,2,0,1,1,0,1,0,0,0,1,0,0,1,0,0,0,3
1024,43,9,2,2,6,1,0,1,1,0,1,0,0,0,1,0,0,1,0,0,0,4
1025,43,9,2,2,6,1,0,1,1,0,1,0,0,0,1,0,0,1,0,0,0,4
1026,43,9,2,2,6,1,0,1,1,0,1,0,0,0,1,0,0,1,0,0,0,4
1027,43,9,2,2,6,1,0,1,1,0,1,0,0,0,1,0,0,1,0,0,0,4
1028,43,9,2,2,6,1,0,1,0,0,1,0,0,0,1,0,0,1,1,0,0,4
1029,43,9,2,2,6,1,0,1,0,0,1,1,0,0,1,0,0,1,1,0,0,3
1030,43,9,2,2,6,1,0,1,0,0,1,1,0,0,1,0,0,1,1,0,0,3
1031,43,9,2,2,6,1,0,1,0,0,1,1,0,0,1,0,0,1,1,0,0,3
1032,43,9,2,2,6,1,0,1,0,0,1,1,0,0,1,0,0,1,1,0,0,3
1033,43,9,2,2,6,1,0,1,0,0,1,1,0,0,1,0,0,1,1,0,0,3
1034,43,9,2,2,6,1,0,1,0,0,1,1,0,0,1,0,0,1,1,0,0,3
1035,43,9,2,2,6,1,0,1,0,0,1,1,0,0,1,0,0,1,1,0,0,3
1036,43,9,2,2,6,1,0,1,2,0,1,1,0,0,1,0,0,0,0,0,0,3
1037,43,9,2,2,6,2,0,1,2,0,0,0,0,0,1,0,0,0,0,0,0,4
1038,43,9,2,2,6,2,0,1,2,0,0,0,0,0,1,0,0,0,0,0,0,4
1039,43,9,2,2,6,2,0,1,2,0,0,0,0,0,1,0,0,0,0,0,0,4
1040,43,9,2,2,6,2,0,1,2,0,0,0,0,0,1,0,0,0,0,0,0,4
1041,43,9,2,2,6,2,0,1,2,0,0,0,0,0,1,0,0,0,0,0,0,4
1042,43,9,2,2,6,2,0,1,1,0,0,0,0,0,1,1,0,0,0,0,0,4
1043,43,9,2,2,6,2,0,1,2,0,0,0,0,0,0,1,0,0,0,0,0,4
1044,43,9,2,2,6,2,0,1,2,0,0,0,0,0,0,1,0,0,0,0,0,4
1045,43,9,2,2,6,2,0,1,2,0,0,0,0,0,0,1,0,0,0,0,0,4
1046,43,9,2,2,6,2,0,1,2,0,0,0,0,0,0,1,0,0,0,0,0,4
1047,43,9,2,2,6,2,0,1,2,0,0,0,0,0,0,1,0,0,0,0,0,4
1048,43,9,2,2,6,2,0,1,2,0,0,0,0,0,0,1,0,0,0,0,0,4
1049,43,9,2,2,6,2,0,2,1,0,0,0,0,0,0,0,0,0,1,0,0,4
1050,43,9,2,2,6,2,0,2,0,0,0,1,0,0,0,0,0,0,2,0,0,3
1051,43,9,2,2,6,2,0,2,0,0,0,2,0,0,0,0,0,0,2,0,0,2
1052,43,9,2,2,6,2,0,2,0,0,0,2,0,0,0,0,0,0,2,0,0,2
1053,43,9,2,2,6,2,0,2,0,0,0,2,0,0,0,0,0,0,2,0,0,2
1054,43,9,2,2,6,1,0,2,0,0,0,2,0,0,0,0,0,0,2,0,0,3
1055,43,9,2,2,6,1,0,2,0,0,0,2,0,0,0,0,0,0,2,0,0,3
1056,43,9,2,2,6,1,0,2,0,0,0,2,0,0,0,0,0,0,2,0,0,3
1057,43,9,2,2,6,1,0,2,1,0,0,2,0,0,0,0,0,0,1,0,0,3
1058,43,9,2,2,6,1,0,1,3,0,0,1,0,0,0,0,0,0,0,0,1,3
1059,43,9,2,2,6,1,0,1,3,0,0,0,1,0,0,0,0,0,0,0,1,3
1060,44,8,2,2,5,1,0,1,3,0,0,0,0,0,0,0,0,0,0,0,1,3
1061,44,8,2,2,5,1,0,1,3,0,0,0,0,0,0,0,0,0,0,0,1,3
1062,44,8,2,2,5,1,0,1,3,0,0,0,0,0,0,0,0,0,0,0,1,3
1063,44,8,2,2,5,1,0,1,3,0,0,0,0,0,0,0,0,0,0,0,1,3
1064,44,8,2,2,5,1,0,1,2,0,0,0,0,0,0,0,0,1,0,0,1,3
1065,44,8,2,2,5,1,0,1,2,0,1,0,0,0,0,0,0,1,0,0,0,3
1066,44,8,2,2,5,1,0,1,2,0,1,0,0,0,0,0,0,1,0,0,0,3
1067,44,8,2,2,5,1,0,1,0,0,1,0,0,0,0,0,0,1,2,0,0,3
1068,44,8,2,2,5,1,0,1,0,0,1,2,0,0,0,0,0,1,2,0,0,1
1069,44,8,2,2,5,1,0,1,0,0,1,2,0,0,0,0,0,1,2,0,0,1
1070,44,8,2,2,5,1,0,1,0,0,1,2,0,0,0,0,0,1,2,0,0,1
1071,44,8,2,2,5,1,0,1,0,0,1,2,0,0,0,0,0,1,2,0,0,1
1072,44,8,2,2,5,1,0,1,0,0,1,2,0,0,0,0,0,1,2,0,0,1
1073,44,8,2,2,5,1,0,1,1,0,1,2,0,0,0,0,0,1,1,0,0,1
1074,44,8,2,2,5,2,0,1,2,0,1,1,0,0,0,0,0,1,0,0,0,1
1075,44,8,2,2,5,3,0,1,2,0,1,0,0,0,0,0,0,1,0,0,0,1
1076,44,8,2,2,5,3,0,1,2,0,1,0,0,0,0,0,0,1,0,0,0,1
1077,44,8,2,2,5,3,0,1,2,0,1,0,0,0,0,0,0,1,0,0,0,1
1078,44,8,2,2,5,3,0,1,1,0,1,0,0,0,0,1,0,1,0,0,0,1
1079,44,8,2,2,5,3,0,1,1,0,1,0,0,0,0,1,0,1,0,0,0,1
1080,44,8,2,2,5,3,0,1,1,0,1,0,0,0,0,1,0,1,0,0,0,1
1081,44,8,2,2,5,3,0,1,1,0,1,0,0,0,0,1,0,1,0,0,0,1
1082,44,8,2,2,5,3,0,1,1,0,1,0,0,0,0,1,0,1,0,0,0,1
1083,44,8,2,2,5,3,0,1,0,0,1,0,0,0,0,1,0,1,1,0,0,1
1084,44,8,2,2,5,3,0,1,0,0,1,1,0,0,0,1,0,1,1,0,0,0
1085,44,8,2,2,5,3,0,1,0,0,1,1,0,0,0,1,0,1,1,0,0,0
1086,44,8,2,2,5,3,0,1,0,0,1,1,0,0,0,1,0,1,1,0,0,0
1087,44,8,2,2,5,3,0,1,0,0,1,1,0,0,0,1,0,1,1,0,0,0
1088,44,8,2,2,5,3,0,1,0,0,1,1,0,0,0,1,0,1,1,0,0,0
1089,44,8,2,2,5,2,0,0,1,0,1,1,0,0,0,1,0,1,1,0,1,0
1090,44,8,2,2,5,2,0,0,3,0,1,1,0,0,0,1,0,0,0,0,1,0
1091,44,8,2,2,5,4,0,0,3,0,0,0,0,0,0,1,0,0,0,0,1,0
1092,44,8,2,2,5,4,0,0,3,0,0,0,0,0,0,1,0,0,0,0,1,0
1093,44,8,2,2,5,4,0,0,2,0,0,0,0,0,0,1,0,1,0,0,1,0
1094,44,8,2,2,5,4,0,0,2,0,1,0,0,0,0,1,0,1,0,0,0,0
1095,44,8,2,2,5,4,0,0,2,0,1,0,0,0,0,1,0,1,0,0,0,0
1096,44,8,2,2,5,4,0,0,0,0,1,0,0,0,0,3,0,1,0,0,0,0
1097,44,8,2,2,5,4,0,0,0,0,1,0,0,0,0,3,0,1,0,0,0,0
1098,44,8,2,2,5,4,0,0,0,0,1,0,0,0,0,3,0,1,0,0,0,0
1099,44,8,2,2,5,4,0,0,0,0,1,0,0,0,0,3,0,1,0,0,0,0
1100,44,8,2,2,5,4,0,0,0,0,1,0,0,0,0,3,0,1,0,0,0,0
1101,44,8,2,2,5,4,0,0,0,0,1,0,0,0,0,3,0,1,0,0,0,0
1102,44,8,2,2,5,4,0,0,0,0,1,0,0,0,0,3,0,1,0,0,0,0
1103,44,8,2,2,5,4,0,0,0,0,1,0,0,0,0,3,0,1,0,0,0,0
1104,44,8,2,2,5,4,0,1,0,0,1,0,0,0,0,2,0,1,0,0,0,0
1105,44,8,2,2,5,4,0,1,0,0,1,0,0,0,0,2,0,1,0,0,0,0
1106,44,8,2,2,5,4,0,1,0,0,1,0,0,0,0,2,0,1,0,0,0,0
1107,44,8,2,2,5,4,0,1,0,0,1,0,0,0,0,2,0,1,0,0,0,0
1108,44,8,2,2,5,4,0,1,0,0,1,0,0,0,0,2,0,1,0,0,0,0
1109,44,8,2,2,5,4,0,1,0,0,1,0,0,0,0,2,0,1,0,0,0,0
1110,44,8,2,2,5,4,0,1,0,0,1,0,0,0,0,2,0,1,0,0,0,0
1111,44,8,2,2,5,4,0,1,0,0,1,0,0,0,0,2,0,1,0,0,0,0
1112,44,8,2,2,5,4,0,1,0,0,1,0,0,0,0,2,0,1,0,0,0,0
1113,44,8,2,2,5,4,0,1,0,0,1,0,0,0,0,2,0,1,0,0,0,0
1114,44,8,2,2,5,4,0,1,0,0,1,0,0,0,0,2,0,1,0,0,0,0
1115,44,8,2,2,5,4,0,1,0,0,1,0,0,0,0,2,0,1,0,0,0,0
1116,44,8,2,2,5,4,0,1,0,0,1,0,0,0,0,2,0,1,0,0,0,0
1117,44,8,2,2,5,4,0,1,0,0,1,0,0,0,0,2,0,1,0,0,0,0
1118,44,8,2,2,5,4,0,1,0,0,1,0,0,0,0,2,0,1,0,0,0,0
1119,44,8,2,2,5,4,0,1,0,0,1,0,0,0,0,2,0,1,0,0,0,0
1120,44,8,2,2,5,4,0,1,1,0,1,0,0,0,0,2,0,0,0,0,0,0
1121,44,8,2,2,5,5,0,1,1,0,0,0,0,0,0,2,0,0,0,0,0,0
1122,44,8,2,2,5,5,0,1,1,0,0,0,0,0,0,2,0,0,0,0,0,0
1123,44,8,2,2,5,5,0,1,1,0,0,0,0,0,0,2,0,0,0,0,0,0
1124,44,8,2,2,5,5,0,1,0,0,0,0,0,0,0,3,0,0,0,0,0,0
1125,44,8,2,2,5,5,0,1,0,0,0,0,0,0,0,3,0,0,0,0,0,0
1126,44,8,2,2,5,5,0,1,0,0,0,0,0,0,0,3,0,0,0,0,0,0
1127,44,8,2,2,5,4,0,1,1,0,0,0,0,0,0,2,0,0,0,0,0,1
1128,44,8,2,2,5,4,0,1,1,0,0,0,0,0,0,2,0,0,0,0,0,1
1129,44,8,2,2,5,4,0,1,1,0,0,0,0,0,0,2,0,0,0,0,0,1
1130,44,8,2,2,5,4,0,1,1,0,0,0,0,0,0,2,0,0,0,0,0,1
1131,44,8,2,2,5,4,0,1,1,0,0,0,0,0,0,2,0,0,0,0,0,1
1132,44,8,2,2,5,4,0,1,1,0,0,0,0,0,0,2,0,0,0,0,0,1
1133,44,8,2,2,5,4,0,2,1,0,0,0,0,0,0,1,0,0,0,0,0,1
1134,44,8,2,2,5,4,1,2,1,0,0,0,0,0,0,0,0,0,0,0,0,1
1135,44,8,2,2,5,3,0,2,2,0,0,0,0,0,0,0,0,0,0,0,0,2
1136,44,8,2,2,5,1,0,2,1,0,0,0,1,0,0,0,0,0,1,0,0,3
1137,45,7,2,2,4,1,0,2,1,0,0,1,0,0,0,0,0,0,1,0,0,2
1138,45,7,2,2,4,1,0,2,1,0,0,1,0,0,0,0,0,0,1,0,0,2
1139,45,7,2,2,4,1,0,2,1,0,0,1,0,0,0,0,0,0,1,0,0,2
1140,45,7,2,2,4,1,0,2,1,0,0,1,0,0,0,0,0,0,1,0,0,2
1141,45,7,2,2,4,1,0,2,1,0,0,1,0,0,0,0,0,0,1,0,0,2
1142,45,7,2,2,4,1,0,2,1,0,0,1,0,0,0,0,0,0,1,0,0,2
1143,45,7,2,2,4,1,0,2,1,0,0,1,0,0,0,0,0,0,1,0,0,2
1144,45,7,2,2,4,2,0,2,1,0,0,1,0,0,0,0,0,0,1,0,0,1
1145,45,7,2,2,4,2,0,2,1,0,0,1,0,0,0,0,0,0,1,0,0,1
1146,45,7,2,2,4,2,0,2,1,0,0,1,0,0,0,0,0,0,1,0,0,1
1147,45,7,2,2,4,2,0,2,1,0,0,1,0,0,0,0,0,0,1,0,0,1
1148,45,7,2,2,4,2,0,2,1,0,0,1,0,0,0,0,0,0,1,0,0,1
1149,45,7,2,2,4,2,0,2,1,0,0,1,0,0,0,0,0,0,1,0,0,1
1150,45,7,2,2,4,2,0,2,1,0,0,1,0,0,0,0,0,0,1,0,0,1
1151,45,7,2,2,4,2,0,2,2,0,0,1,0,0,0,0,0,0,0,0,0,1
1152,45,7,2,2,4,3,0,2,2,0,0,0,0,0,0,0,0,0,0,0,0,1
1153,45,7,2,2,4,3,0,2,1,0,0,0,0,0,0,0,0,0,1,0,0,1
1154,45,7,2,2,4,3,0,2,1,0,0,1,0,0,0,0,0,0,1,0,0,0
1155,45,7,2,2,4,3,0,2,1,0,0,1,0,0,0,0,0,0,1,0,0,0
1156,45,7,2,2,4,3,0,2,1,0,0,1,0,0,0,0,0,0,1,0,0,0
1157,45,7,2,2,4,3,0,2,0,0,0,1,0,0,0,1,0,0,1,0,0,0
1158,45,7,2,2,4,3,0,2,0,0,0,1,0,0,0,1,0,0,1,0,0,0
1159,45,7,2,2,4,3,0,2,1,0,0,1,0,0,0,1,0,0,0,0,0,0
1160,45,7,2,2,4,4,0,2,1,0,0,0,0,0,0,1,0,0,0,0,0,0
1161,45,7,2,2,4,4,0,2,1,0,0,0,0,0,0,1,0,0,0,0,0,0
1162,45,7,2,2,4,4,0,2,1,0,0,0,0,0,0,1,0,0,0,0,0,0
1163,45,7,2,2,4,4,0,2,0,0,0,0,0,0,0,2,0,0,0,0,0,0
1164,45,7,2,2,4,4,0,2,0,0,0,0,0,0,0,2,0,0,0,0,0,0
1165,45,7,2,2,4,4,0,2,0,0,0,0,0,0,0,2,0,0,0,0,0,0
1166,45,7,2,2,4,4,1,2,0,0,0,0,0,0,0,1,0,0,0,0,0,0
1167,45,7,2,2,4,4,1,2,0,0,0,0,0,0,0,1,0,0,0,0,0,0
1168,45,7,2,2,4,4,1,2,0,0,0,0,0,0,0,1,0,0,0,0,0,0
1169,45,7,2,2,4,4,1,2,0,0,0,0,0,0,0,1,0,0,0,0,0,0
1170,45,7,2,2,4,4,1,2,0,0,0,0,0,0,0,1,0,0,0,0,0,0
1171,45,7,2,2,4,4,1,2,0,0,0,0,0,0,0,1,0,0,0,0,0,0
1172,45,7,2,2,4,4,1,2,0,0,0,0,0,0,0,1,0,0,0,0,0,0
1173,45,7,2,2,4,4,1,2,0,0,0,0,0,0,0,1,0,0,0,0,0,0
1174,45,7,2,2,4,3,0,2,1,0,0,0,0,0,0,1,0,0,0,0,0,1
1175,45,7,2,2,4,3,0,2,1,0,0,0,0,0,0,1,0,0,0,0,0,1
1176,45,7,2,2,4,3,0,2,1,0,0,0,0,0,0,1,0,0,0,0,0,1
1177,45,7,2,2,4,3,0,2,1,0,0,0,0,0,0,1,0,0,0,0,0,1
1178,45,7,2,2,4,3,0,2,1,0,0,0,0,0,0,1,0,0,0,0,0,1
1179,45,7,2,2,4,3,0,2,0,0,0,0,0,0,0,1,0,0,1,0,0,1
1180,45,7,2,2,4,3,1,2,0,0,0,1,0,0,0,0,0,0,1,0,0,0
1181,45,7,2,2,4,3,1,2,0,0,0,1,0,0,0,0,0,0,1,0,0,0
1182,45,7,2,2,4,3,1,2,0,0,0,1,0,0,0,0,0,0,1,0,0,0
1183,45,7,2,2,4,2,1,1,1,0,0,1,0,0,0,0,0,0,1,0,1,0
1184,45,7,2,2,4,2,1,1,1,0,0,1,0,0,0,0,0,0,1,0,1,0
1185,45,7,2,2,4,2,1,1,1,0,0,1,0,0,0,0,0,0,1,0,1,0
1186,45,7,2,2,4,2,1,1,2,0,0,1,0,0,0,0,0,0,0,0,1,0
1187,45,7,2,2,4,3,1,1,2,0,0,0,0,0,0,0,0,0,0,0,1,0
1188,45,7,2,2,4,3,1,1,2,0,0,0,0,0,0,0,0,0,0,0,1,0
1189,45,7,2,2,4,3,1,1,1,0,0,0,0,0,0,0,0,1,0,0,1,0
1190,45,7,2,2,4,3,1,1,0,0,1,0,0,0,0,1,0,1,0,0,0,0
1191,45,7,2,2,4,3,1,1,0,0,1,0,0,0,0,1,0,1,0,0,0,0
1192,45,7,2,2,4,3,1,1,0,0,1,0,0,0,0,1,0,1,0,0,0,0
1193,45,7,2,2,4,3,1,1,0,0,1,0,0,0,0,1,0,1,0,0,0,0
1194,45,7,2,2,4,3,1,1,0,0,1,0,0,0,0,1,0,1,0,0,0,0
1195,45,7,2,2,4,3,1,1,0,0,1,0,0,0,0,1,0,1,0,0,0,0
1196,45,7,2,2,4,3,1,1,0,0,1,0,0,0,0,1,0,1,0,0,0,0
1197,45,7,2,2,4,3,1,1,0,0,1,0,0,0,0,1,0,1,0,0,0,0
1198,45,7,2,2,4,3,2,1,0,0,1,0,0,0,0,0,0,1,0,0,0,0
1199,45,7,2,2,4,3,2,1,0,0,1,0,0,0,0,0,0,1,0,0,0,0
1200,45,7,2,2,4,3,2,1,0,0,1,0,0,0,0,0,0,1,0,0,0,0
1201,45,7,2,2,4,3,2,1,0,0,1,0,0,0,0,0,0,1,0,0,0,0
1202,45,7,2,2,4,3,2,1,0,0,1,0,0,0,0,0,0,1,0,0,0,0
1203,45,7,2,2,4,3,2,1,0,0,1,0,0,0,0,0,0,1,0,0,0,0
1204,45,7,2,2,4,3,2,1,0,0,1,0,0,0,0,0,0,1,0,0,0,0
1205,45,7,2,2,4,3,2,1,0,0,1,0,0,0,0,0,0,1,0,0,0,0
1206,45,7,2,2,4,3,2,1,0,0,1,0,0,0,0,0,0,1,0,0,0,0
1207,45,7,2,2,4,3,2,1,0,0,1,0,0,0,0,0,0,1,0,0,0,0
1208,45,7,2,2,4,3,2,1,0,0,1,0,0,0,0,0,0,1,0,0,0,0
1209,45,7,2,2,4,3,2,1,0,0,1,0,0,0,0,0,0,1,0,0,0,0
1210,45,7,2,2,4,3,2,1,0,0,1,0,0,0,0,0,0,1,0,0,0,0
1211,45,7,2,2,4,3,2,1,0,0,1,0,0,0,0,0,0,1,0,0,0,0
1212,45,7,2,2,4,3,2,1,1,0,1,0,0,0,0,0,0,0,0,0,0,0
1213,45,7,2,2,4,4,2,1,1,0,0,0,0,0,0,0,0,0,0,0,0,0
1214,45,7,2,2,4,4,2,1,1,0,0,0,0,0,0,0,0,0,0,0,0,0
1215,45,7,2,2,4,4,2,1,1,0,0,0,0,0,0,0,0,0,0,0,0,0
1216,45,7,2,2,4,4,2,1,1,0,0,0,0,0,0,0,0,0,0,0,0,0
1217,45,7,2,2,4,4,2,1,1,0,0,0,0,0,0,0,0,0,0,0,0,0
1218,45,7,2,2,4,4,2,1,0,0,0,0,0,0,0,1,0,0,0,0,0,0
1219,45,7,2,2,4,4,2,1,0,0,0,0,0,0,0,1,0,0,0,0,0,0
1220,45,7,2,2,4,4,2,1,0,0,0,0,0,0,0,1,0,0,0,0,0,0
1221,45,7,2,2,4,4,2,1,0,0,0,0,0,0,0,1,0,0,0,0,0,0
1222,45,7,2,2,4,4,2,1,0,0,0,0,0,0,0,1,0,0,0,0,0,0
1223,45,7,2,2,4,4,2,1,0,0,0,0,0,0,0,1,0,0,0,0,0,0
1224,45,7,2,2,4,4,2,1,0,0,0,0,0,0,0,1,0,0,0,0,0,0
1225,45,7,2,2,4,4,2,1,0,0,0,0,0,0,0,1,0,0,0,0,0,0
1226,45,7,2,2,4,4,2,1,0,0,0,0,0,0,0,1,0,0,0,0,0,0
1227,45,7,2,2,4,4,2,2,0,0,0,0,0,0,0,0,0,0,0,0,0,0
1228,45,7,2,2,4,4,2,2,0,0,0,0,0,0,0,0,0,0,0,0,0,0
1229,45,7,2,2,4,4,2,2,0,0,0,0,0,0,0,0,0,0,0,0,0,0
1230,45,7,2,2,4,4,2,2,0,0,0,0,0,0,0,0,0,0,0,0,0,0
1231,45,7,2,2,4,4,2,2,0,0,0,0,0,0,0,0,0,0,0,0,0,0
1232,45,7,2,2,4,4,2,2,0,0,0,0,0,0,0,0,0,0,0,0,0,0
1233,45,7,2,2,4,4,2,2,0,0,0,0,0,0,0,0,0,0,0,0,0,0
1234,45,7,2,2,4,4,2,2,0,0,0,0,0,0,0,0,0,0,0,0,0,0
1235,45,7,2,2,4,4,2,2,0,0,0,0,0,0,0,0,0,0,0,0,0,0
1236,45,7,2,2,4,4,2,2,0,0,0,0,0,0,0,0,0,0,0,0,0,0
1237,45,7,2,2,4,4,2,2,0,0,0,0,0,0,0,0,0,0,0,0,0,0
1238,45,7,2,2,4,4,2,2,0,0,0,0,0,0,0,0,0,0,0,0,0,0
1239,45,7,2,2,4,4,2,2,0,0,0,0,0,0,0,0,0,0,0,0,0,0
1240,45,7,2,2,4,4,2,2,0,0,0,0,0,0,0,0,0,0,0,0,0,0
1241,45,7,2,2,4,4,2,2,0,0,0,0,0,0,0,0,0,0,0,0,0,0
1242,45,7,2,2,4,4,2,2,0,0,0,0,0,0,0,0,0,0,0,0,0,0
1243,45,7,2,2,4,4,2,2,0,0,0,0,0,0,0,0,0,0,0,0,0,0
1244,45,7,2,2,4,4,2,2,0,0,0,0,0,0,0,0,0,0,0,0,0,0
1245,45,7,2,2,4,4,2,2,0,0,0,0,0,0,0,0,0,0,0,0,0,0
1246,45,7,2,2,4,4,2,2,0,0,0,0,0,0,0,0,0,0,0,0,0,0
1247,45,7,2,2,4,3,1,2,1,0,0,0,0,0,0,0,0,0,0,0,0,1
1248,45,7,2,2,4,3,1,2,1,0,0,0,0,0,0,0,0,0,0,0,0,1
1249,45,7,2,2,4,3,1,2,1,0,0,0,0,0,0,0,0,0,0,0,0,1
1250,45,7,2,2,4,3,1,2,1,0,0,0,0,0,0,0,0,0,0,0,0,1
1251,45,7,2,2,4,3,1,2,1,0,0,0,0,0,0,0,0,0,0,0,0,1
1252,45,7,2,2,4,3,1,2,1,0,0,0,0,0,0,0,0,0,0,0,0,1
1253,45,7,2,2,4,3,1,2,1,0,0,0,0,0,0,0,0,0,0,0,0,1
1254,45,7,2,2,4,3,1,2,1,0,0,0,0,0,0,0,0,0,0,0,0,1
1255,45,7,2,2,4,2,0,2,2,0,0,0,0,0,0,0,0,0,0,0,0,2
1256,45,7,2,2,4,1,0,2,1,0,0,0,0,0,0,0,0,0,1,0,0,3
1257,45,7,2,2,4,1,0,2,1,0,0,1,0,0,0,0,0,0,1,0,0,2
1258,45,7,2,2,4,1,0,2,1,0,0,1,0,0,0,0,0,0,1,0,0,2
1259,45,7,2,2,4,1,0,2,1,0,0,1,0,0,0,0,0,0,1,0,0,2
1260,45,7,2,2,4,1,0,2,1,0,0,1,0,0,0,0,0,0,1,0,0,2
1261,45,7,2,2,4,1,0,2,1,0,0,1,0,0,0,0,0,0,1,0,0,2
